"horse_id","horse_name"
4638,"Jc's Shooting Star"
1,"Sounds Delicious"
2,"Crimson Frost"
3,"Friend of Liberty"
4,"Bobby's Song"
5,"Bourbon N Rye"
6,"Bourbon Did It"
7,"Tenency"
8,"Legion Storm"
9,"Frost's Song"
10,"Kavansberg"
11,"Tammany Giant"
12,"Call It a Truce"
13,"Annette's Humor"
14,"Rose of Dublin"
15,"Caralicious"
16,"Big Brown Cat"
17,"Dontcallmefrancis"
18,"Ladyberg"
19,"T J's Rose Ella"
20,"Small Bear"
21,"Holiday Bonus"
22,"Backsideofthemoon"
23,"Hit It Once More"
24,"Roaming Union"
25,"Bronx Sandman"
26,"Carrera Cat"
27,"Gentle Annie"
28,"Passporttovictory"
29,"Miss Marion"
30,"Scorpion Bowl"
31,"Southern Fried Fun"
32,"Pinchbeck"
33,"Stone Breaker"
34,"Papa Jim"
35,"Dr. Lloyd"
36,"Dollarsforpennies"
37,"Simbasalltrouble"
38,"Straphanger"
39,"Lettercarrierhenry"
40,"Flat Calm"
41,"Timely Tradition"
42,"My Roxy Girl"
43,"Fair Regis"
44,"Baby Boss"
45,"Moondance Joy"
46,"Ribbonite"
47,"Mind Control"
48,"Our Braintrust"
49,"Family Biz"
50,"Gates of Dawn"
51,"Souper Jackpot"
52,"Direct Order"
53,"Alright Alright"
54,"For Pops"
55,"Bitumen"
56,"The Great Samurai"
57,"Samadi Sky"
58,"Dancetrack"
59,"Conquest Prankster"
60,"Crafty Concorde"
61,"Fifty Eight O G"
62,"Excess Capacity"
63,"Paynterbynumbers"
64,"Fancy That"
65,"She'll Do"
66,"Silk Assassin"
67,"Moon and Stars"
68,"Tikhvin Flew"
69,"Pulsate"
70,"Spun to Run"
71,"Classic Romeo"
72,"U R Not So Bad"
73,"Jake Rocks"
74,"Speed Khaleesi"
75,"Stay Good"
76,"Caitriona"
77,"Diamond Jen Brady"
78,"Somethingwithlilly"
79,"Aly's All Out"
80,"Regal Retort"
81,"Free Coffee"
82,"Dizzy"
83,"Whyisshesoolucky"
84,"Stay Smart"
85,"Irish Banker"
86,"Miss Allison"
87,"Turco Bravo (CHI)"
88,"Let Me Go First"
89,"Admiral Blue"
90,"Halloween Horror"
91,"Shamcat"
92,"Indian Guide"
93,"Outplay"
94,"Dublinthepleasure"
95,"Shalako"
96,"Toohottoevenspeak"
97,"Its All Relevant"
98,"E J's Legacy"
99,"Fifty"
100,"Gio d'Oro"
101,"Blugrascat's Smile"
102,"Storm Prophet"
103,"Cause I'm Alex"
104,"Papa Shot"
105,"Singapore Trader"
106,"Midnight Crossing"
107,"Mrs Vargas"
108,"Know Point Given"
109,"Frosty Linz"
110,"Flying Pleasantly"
111,"Way Over Budget"
112,"Big Expense"
113,"Needs No Ice"
114,"Promise Me Roses"
115,"Low Is Laine"
116,"Got the Gist"
117,"Reyana Reya Dreams"
118,"Youmakemeblush"
119,"Monteleone"
120,"Trustworthy"
121,"Unpredictable"
122,"Playwright"
123,"Expert"
124,"Stronger"
125,"Intoxicologist"
126,"Delta Gamma"
127,"Cornetta's Choice"
128,"Bee'snbee's"
129,"Winifred J"
130,"Sarah's Rainbow"
131,"Turn and Bern"
132,"Anne's Song"
133,"Bourbon High"
134,"Joule"
135,"Overtime Olivia"
136,"Dreamers and Me"
137,"Mrs. Orb"
138,"Sonic Force"
139,"Eye Luv Lulu"
140,"Almithmaar"
141,"Preservationist"
142,"Reed Kan"
143,"Still Krz"
144,"Angry Moon"
145,"Hushion"
146,"Castle Casanova"
147,"Top of the Mint"
148,"Smooth Tales"
149,"Jack Bo"
150,"Fleet Warrior"
151,"Big Browning"
152,"Therisastormbrewin"
153,"Pour It Out"
154,"Fully Vested"
155,"Wegotoldyougotsold"
156,"The Caretaker"
157,"Bon Raison"
158,"Redyornothereicome"
159,"Forced"
160,"Have Another"
161,"Kathryn the Wise"
162,"Playinwiththeboys"
163,"Pauseforthecause"
164,"Starlite Mission"
165,"Sunset Ridge"
166,"Palladian Bridge"
167,"Silly Sister"
168,"Byself"
169,"Never Nevermore"
170,"Raging Fire"
171,"Bobby G"
172,"Won't Be Missed"
173,"Storm Scat"
174,"Carmine's Honor"
175,"Rockin Jo"
176,"Double Deep"
177,"Rogue Nation"
178,"Dooley"
179,"Domain"
180,"Chateau"
181,"Ragnar Lothbrok"
182,"Latin Love Bug"
183,"Thefinalcrazydude"
184,"I Love Jaxson"
185,"Siena Magic"
186,"Shanghai Check"
187,"Racing Raven"
188,"Bold Gem"
189,"Alrahaal"
190,"Justinspeightofit"
191,"Twelfthofneverland"
192,"Durkin's Call"
193,"Success Hurricane"
194,"Letzgometz"
195,"Classic Czar"
196,"Oh K Funnybone"
197,"Poker Game"
198,"Awesome Adversary"
199,"Dash for Dollars"
200,"Tazmonian Devil"
201,"Shock Therapy"
202,"My Amanjena"
203,"Marble Moon"
204,"Sweet August Lady"
205,"Parlapiano"
206,"Zecha"
207,"Solitary Gem"
208,"Tayler's the Boss"
209,"Third Card Down"
210,"Fingerpaint"
211,"She'saprettylady"
212,"Quietude"
213,"My Best Friend"
214,"Stabilize"
215,"Shak's Hidden Gem"
216,"Diamond Princess"
217,"Mary's Girl"
218,"Fiery Opal"
219,"Speightful Kitten"
220,"Tribecca"
221,"Sicilia Mike"
222,"Horoscope"
223,"Playthatfunnymusic"
224,"Arthur's Hope"
225,"Retonova"
226,"Mascarello"
227,"New Year's Wish"
228,"Smiles From Sadie"
229,"Madame Barbarian"
230,"She'sakittykat"
231,"My Girl Annie"
232,"Hexameter"
233,"Battle of Saratoga"
234,"Golconda"
235,"Killala Bay"
236,"Scrutinize"
237,"Run for Boston"
238,"Call the Cat"
239,"Well in Tune"
240,"Pragmatist"
241,"Shiloh Lane"
242,"The Venerable Bede"
243,"Linns Boy"
244,"Mintz"
245,"Master Distiller"
246,"Iona Mobe"
247,"Into a Hot Spot"
248,"Starry Rose"
249,"Getyourmindright"
250,"Science Fiction"
251,"Free Kitty"
252,"Forever Daisy"
253,"Party in the Sand"
254,"Alley to Calvary"
255,"Sweet Like Char"
256,"Kingdom's Queen"
257,"Lady Hester"
258,"War of the States"
259,"Communal"
260,"Taking Aim"
261,"Cookie Crisp"
262,"Purchasing Power"
263,"Never Before"
264,"Curlin's New Moon"
265,"Inalienable Rights"
266,"Change of Venue"
267,"Flush"
268,"Awillaway"
269,"Wall Street Annie"
270,"Alvernia"
271,"True Prosperity"
272,"Tripp Road"
273,"Daria's Angel"
274,"Stay Fond"
275,"Not About the Nail"
276,"Harkness"
277,"Ipanema Beach"
278,"Countable"
279,"Wadadli Princess"
280,"Anydayisherday"
281,"Cheatham Hill"
282,"Centrall"
283,"Sander's Empire"
284,"Bavaro"
285,"Sol the Freud"
286,"Gypsum Johnny"
287,"Proletariat"
288,"H Man"
289,"Haudenosaunee"
290,"Blue Pigeon"
291,"Rectify"
292,"Charlie McCoy"
293,"Mystical Song"
294,"Ready to Escape"
295,"Ro Bear"
296,"Three to Thirteen"
297,"Vicar's Legend"
298,"Swivel"
299,"Foolish Ghost"
300,"Quest for Fire"
301,"Dark Ops"
302,"Missbigtimes"
303,"Wanna Be Regal"
304,"Highleelikelee"
305,"Ma Mo"
306,"My First Gal"
307,"Fiveinthemorning"
308,"Roses From Ben"
309,"Ziggy Is Zubby"
310,"Princess Alana"
311,"Benina"
312,"Irish Glitter"
313,"Lia Shivani"
314,"Gypsy Mama"
315,"Vinda Machine"
316,"Flat Out Funky"
317,"Devil's Flair"
318,"La Bella Chica"
319,"Weekend Forecast"
320,"Archumybaby"
321,"Sandy Belle"
322,"Overnegotiate"
323,"Woundwithhereyes"
324,"Milaya"
325,"Dreams Are Pazible"
326,"Tap Master"
327,"American Power"
328,"Dark N Cloudy"
329,"Missle Bomb"
330,"Threes Over Deuces"
331,"Joe's Smokin Gun"
332,"Warrens Vengeance"
333,"Tousled"
334,"Heartbustingirl"
335,"Midnitesalright"
336,"Shanghai Smile"
337,"I Took a Shot"
338,"Rattle the Stars"
339,"Margie Cat"
340,"Javelin"
341,"Flatexcel"
342,"Special Story"
343,"Ultimateenticement"
344,"Proximate to Power"
345,"Espresso Caliente"
346,"Southeast"
347,"Manifest Destiny"
348,"Spartiatis"
349,"Go Big Or Go Home"
350,"Mission Command"
351,"Regalian"
352,"Too Fast to Pass"
353,"Quai Voltaire"
354,"Francis Freud"
355,"Stoney Bennett"
356,"Mr. Dougie Fresh"
357,"House Limit"
358,"Allured"
359,"Vincento"
360,"Wine Not"
361,"Yamano Maker (JPN)"
362,"Felix in Fabula"
363,"Westerdale"
364,"Uncle Sigh"
365,"Honor Up"
366,"Syndergaard"
367,"Gold for the King"
368,"Morning Breez"
369,"Celtic Chaos"
370,"Royal Asset"
371,"Winston's Chance"
372,"Jewel Can Disco"
373,"Cross Multiply"
374,"Shook Em Up"
375,"Martini Lane"
376,"Flat Out Jayvien"
377,"Blue Skies Forever"
378,"Holycowits Patrick"
379,"Cool Crinoline"
380,"Theresa's Boy"
381,"Quintarelli"
382,"Soup Baby"
383,"American Mandate"
384,"Grumps Little Tots"
385,"Loverboy Lou"
386,"Deft"
387,"Stan the Man"
388,"Weather Wiz"
389,"Dothat Dance"
390,"Tusk"
391,"Coltandmississippi"
392,"Regal Quality"
393,"Ark in the Dark"
394,"Sharpe and Ready"
395,"Shamrock Kid"
396,"Shortlist"
397,"Our American Star"
398,"Magnetron"
399,"Rouxhere"
400,"I Saw It All"
401,"Center City"
402,"Wisecrack"
403,"Fortune's Boy"
404,"Forecaster"
405,"Triple Axel"
406,"Missionatthespa"
407,"Leap to Glory"
408,"Desert Lights"
409,"Hopper Dropper"
410,"Unsullied"
411,"Mickey T"
412,"Ten Twenty Nine"
413,"Mr. Massena"
414,"All Clear"
415,"Imvros Pride"
416,"Midnight Curfew"
417,"Pickle Rick"
418,"Erlich"
419,"Habitue"
420,"Binary"
421,"Kumar"
422,"Coast to Coast"
423,"Mental Model"
424,"Blindwillie McTell"
425,"Kadens Courage"
426,"Thorny Tale"
427,"Show Prince"
428,"Kazmania"
429,"Tiergan"
430,"Just Right"
431,"Funny Guy"
432,"Bydawnsearlylight"
433,"La Cat Warrior"
434,"Buss the Bell"
435,"Infield Is In"
436,"Wheresthebarber"
437,"Can Go"
438,"Bigsouljoel"
439,"There Goes Jose"
440,"Summer Punch"
441,"Love to Learn"
442,"Cool as You Like"
443,"My Victoria Rose"
444,"Blissful Breeze"
445,"Emblazoner"
446,"Thousand Percent"
447,"Trance"
448,"Rally Cap"
449,"Americano"
450,"Bustin to Be Loved"
451,"By the Sey Shore"
452,"Chicken Valley Rd"
453,"Equal the Score"
454,"There He Goes"
455,"Noble Behavior"
456,"Freudian Analyst"
457,"Shuffling Madness"
458,"Finn's Posse"
459,"Ridolfo"
460,"Potomac"
461,"Langdarma"
462,"Mills"
463,"Poshsky"
464,"Pretentious"
465,"In a Fog"
466,"Ok Honey"
467,"Analyze With Honor"
468,"Empress Sophia"
469,"Charming Cara"
470,"Tiztinabella"
471,"Emmy Knows"
472,"Where's Rudy"
473,"Much Trouble"
474,"Dr. Hipp"
475,"D'ambrosio"
476,"Local Edition"
477,"Danny California"
478,"Big Birthday"
479,"No Deal"
480,"Gypsy Janie"
481,"Shimmering Moon"
482,"Our Girl Abby"
483,"Devilish Romance"
484,"Hattie L"
485,"Questeq"
486,"Courageous Queen"
487,"American Mission"
488,"Malarkey"
489,"Wilburnmoney"
490,"Stars Wilburn"
491,"Fangirl"
492,"Gracetown"
493,"Enjoyitwhilewecan"
494,"Win the Shake"
495,"Shanghai Bonnie"
496,"Up At Dawn"
497,"Stokes"
498,"Incubator"
499,"Call Me"
500,"Sandy Lane"
501,"Take It to Scale"
502,"Aikenetta"
503,"Clairvoyant Lady"
504,"Annie Rocks"
505,"Cotton Candy Cutie"
506,"Figure It Out"
507,"Redouble"
508,"Tiz Her Way"
509,"Controllingthegold"
510,"Solid Wager"
511,"Skyler's Scramjet"
512,"Bal Harbour"
513,"Colonel Sharp"
514,"Miss Loyalty"
515,"Moment of Triumph"
516,"Princess Mikayah"
517,"Giant Ending"
518,"Little Nanny"
519,"Mercurian"
520,"Twofer"
521,"Four Freedoms"
522,"Mighty Zealous"
523,"Malibu Action"
524,"Daddy D T"
525,"Scarf It Down"
526,"Local Counsel"
527,"Here Comes Tommy"
528,"Broadway Bay"
529,"Fox Rules"
530,"Peter's Project"
531,"Calculated Risker"
532,"River Knight"
533,"Planet Trailblazer (BRZ)"
534,"Kenyan"
535,"Holy Week"
536,"Borsa Vento"
537,"Avast Matey"
538,"Midnight Entree"
539,"Brazen Prince"
540,"Bumperdoo"
541,"Tio Blas"
542,"Mid Day Image"
543,"Bridgetothefuture"
544,"American Wish"
545,"Lone Pioneer"
546,"Pretty Enuff"
547,"Elegant Jem"
548,"That's Smart"
549,"Beyond Discreet"
550,"Peaches and Spice"
551,"Mazmania"
552,"Fournineteen"
553,"Stirred Not Shakin"
554,"Bel Cuore"
555,"D's Sis"
556,"Gemini Witch"
557,"Boosted Ego"
558,"Mad Munnys"
559,"Crea's Bklyn Law"
560,"Bootlegger (FR)"
561,"Devine Entry"
562,"London House"
563,"The Big Lebanese"
564,"Bebe Banker"
565,"Pier Forty"
566,"Ventus"
567,"Clever Fellow"
568,"Ticked All Daboxes"
569,"Mrs. Crews"
570,"Ma Meatloaf"
571,"Jazzy J"
572,"Infatuation"
573,"Wild Type"
574,"Mimic"
575,"Forever Liesl"
576,"Sara Street"
577,"Total Control"
578,"Matty's Magnum"
579,"Sexy Reasons (ARG)"
580,"Enthrall"
581,"Evan's Nice Now"
582,"Minit Maus"
583,"Toddle House"
584,"Joansburntbiscuit"
585,"Party On Prospect"
586,"Seethisquick"
587,"Hot Sriracha"
588,"Broker's Reward"
589,"Power Boss"
590,"No No Noah"
591,"Aunt Babe"
592,"Cartwheel"
593,"Letmetakethiscall"
594,"Sing for Beauty"
595,"Spring Drama"
596,"It's My Catiecat"
597,"In Denile"
598,"Icy Maneuvers"
599,"Peggy Sue"
600,"Mickey Diamond"
601,"Dancingwthdaffodls"
602,"Swift Vengeance"
603,"Osheen"
604,"Friesing Waters"
605,"Sweet Breeze"
606,"Arewehavingfunyet"
607,"Driven by Speed"
608,"Havana Affair"
609,"Slam Chowder"
610,"Elizabeth Nicole"
611,"Southern Christmas"
612,"Preziosa"
613,"Caribbean Girl"
614,"Bettor Bank On It"
615,"Everything Pazible"
616,"Iron Fork"
617,"Coach Villa"
618,"Barrel of Stout"
619,"Threatlovesmidnite"
620,"No Hayne No Gayne"
621,"Out of Orbit"
622,"Puffery"
623,"Vip Nation"
624,"Dawn the Destroyer"
625,"Sower"
626,"Honor Way"
627,"Your Love"
628,"Yorkiepoo Princess"
629,"Miss Mimosa"
630,"Short Kakes"
631,"Silent Sonet"
632,"Golden Vale"
633,"Simona"
634,"Ouro Verde"
635,"Jacqueline D"
636,"Climb the Ladder"
637,"Catania Rose"
638,"You Promise"
639,"Ocean Conquest"
640,"Haul Anchor"
641,"Carthon"
642,"Fleet Irish"
643,"D Emcee"
644,"It's Mo Joke"
645,"Talespin"
646,"Nueva York"
647,"Dark Money"
648,"Quick Snap"
649,"Shelley Ann"
650,"Maiden Beauty"
651,"She Takes Charge"
652,"Lem Me Have It"
653,"Dirty Bird"
654,"Waving Flags"
655,"Malibu Mischief"
656,"Went With the Wind"
657,"Movie Score"
658,"She's a Lumberjane"
659,"L. A. Page"
660,"Big Paddy Brown"
661,"Lorcan"
662,"True Blue Giant"
663,"Seven Is Heaven"
664,"Judge Stanton"
665,"Gongheifatchoy"
666,"Amundson"
667,"Five Night Freddie"
668,"Chuckles"
669,"Breaking Boundary"
670,"Falsifier"
671,"Build to Suit"
672,"I'm an Ocala Dude"
673,"Fuel the Bern"
674,"Go Get the Munny"
675,"Franknjymme"
676,"Hitmewthurbestshot"
677,"Big Muddy"
678,"Slot"
679,"Metaphorical"
680,"Golden Giant"
681,"Mr. Buff"
682,"Sunny Ridge"
683,"Thebigfundamental"
684,"Hero's Welcome"
685,"Title Ready"
686,"No Distortion"
687,"Sparty Boy"
688,"Maimo"
689,"Eden Ridge"
690,"Asterisk"
691,"Causin' Trouble"
692,"Here Comes Helen"
693,"Saturdaynightfling"
694,"Saratoga Sass"
695,"Discount Diva"
696,"Tough Gold"
697,"That's Speightful"
698,"Gottahaveaholiday"
699,"Tales of Royalty"
700,"Sierra Sarah"
701,"California Night"
702,"Fillet of Sole"
703,"American Lincoln"
704,"Starship Zeus"
705,"Majid"
706,"Never Felt Better"
707,"Lucid Dream"
708,"Mucho Lucky"
709,"Deputy Zapper"
710,"Glencairn"
711,"Simma Cum Laude"
712,"Analyze the Odds"
713,"Five Star Bunt"
714,"P J Advantage"
715,"Wrong Ben"
716,"Votre Coeur"
717,"Trouble for Skylar"
718,"Viradia"
719,"Tiffany's Vision"
720,"Win With Pride"
721,"Runaway Lute"
722,"Take Your Place"
723,"Tommy T"
724,"Ujjayi"
725,"Miss Imperial"
726,"Dovey Lovey"
727,"Takecharge Mirella"
728,"Enliven"
729,"Sheza Diva"
730,"She's a Black Belt"
731,"Abraxan"
732,"Princess Pinky"
733,"Sandra's Mine"
734,"Sweet Blindness"
735,"Gattino Marrone"
736,"It's a Lovely Day"
737,"Deep Sea"
738,"Aristocratic"
739,"Forge"
740,"Adulation"
741,"Sam and Jax"
742,"Tiz Morning"
743,"Mythajacul"
744,"Givetheman a Cigar"
745,"Deputy Flag"
746,"Suremoney"
747,"Secret Lies"
748,"Filibustin"
749,"Hay Field"
750,"Estilo Femenino"
751,"Tanya's Gem"
752,"Seediskid"
753,"Bourbon Boy"
754,"Truly a Moon Shot"
755,"Clench"
756,"Ramblin' Ma'am"
757,"Finlee"
758,"Dazzling Speed"
759,"Ferncourt"
760,"Miss Gary Z"
761,"Youth Gone Wild"
762,"Mia Bella Rossa"
763,"Motagally"
764,"Southern Phantom"
765,"Stilts"
766,"Itgot Grandma"
767,"Halstaat"
768,"Lazarus Project"
769,"Gorelli"
770,"Cariba"
771,"Canarsie Girl"
772,"Solent"
773,"Team Win"
774,"Stonewalker"
775,"Joyful Frolic"
776,"Orbilicious"
777,"Kathy's Cause"
778,"Take It All Back"
779,"Wailin Josie"
780,"Too Many Tales"
781,"Easy Banker"
782,"Street Chamber"
783,"Bull Feathers"
784,"Abby Normal"
785,"Swaggerette"
786,"Hammerin Aamer"
787,"J S Bach"
788,"Sir Ballantine"
789,"Tour de Force"
790,"Caledonian"
791,"T Loves a Fight"
792,"Professor Snape"
793,"Zap Zap Zap"
794,"Old Upstart"
795,"Readyheartandsoul"
796,"Peculiar Sensation"
797,"Wage Acceleration"
798,"Phone Funky Munky"
799,"New York Hero"
800,"Tax"
801,"Not That Brady"
802,"Sir Winston"
803,"Admire"
804,"Moretti"
805,"Lucky Lee"
806,"Altesino"
807,"One More Tom"
808,"Shipsandgoods"
809,"Norma's Charm"
810,"Pecan Pattie"
811,"Running Violence"
812,"Stole E"
813,"Dillon Rocks"
814,"Brees Bayou"
815,"Dr Burt"
816,"El Fenomeno"
817,"Wicked Macho"
818,"Blue Belt"
819,"Kid Is Frosty"
820,"Harley Q"
821,"Color Chart"
822,"Two Graces"
823,"Disquiet"
824,"Sterling Beauty"
825,"Stonesintheroad"
826,"Take Me to Hardoon"
827,"Saratoga Style"
828,"Bustin Scones"
829,"Tappanzee"
830,"Ja's Malibu"
831,"Today Comes Once"
832,"Alphadora"
833,"First Forever"
834,"Dancing Slippers"
835,"Cholmondeley"
836,"Itsakeyper"
837,"Curlin Creek"
838,"Lutheran Rags"
839,"Mister Humor"
840,"Always Shopping"
841,"Filly Joel"
842,"Afleet Destiny"
843,"Miss Marilyn"
844,"Discreet Sister"
845,"Lady Banba"
846,"Getting Warmer"
847,"Floss Dancer"
848,"Destiny Over Fate"
849,"Shamrocked"
850,"Nolinski"
851,"Can'tweallgetalong"
852,"Air On Fire"
853,"Platinum Nugget"
854,"Smidge"
855,"Huracan"
856,"Big Engine"
857,"Light the Posse"
858,"Bad Guy"
859,"Celtic Mission"
860,"Jump for Joy"
861,"Exceed the Goal"
862,"Salty Smile"
863,"Kosciuszko"
864,"Southern King"
865,"Woodbury"
866,"Binkster"
867,"One River Place"
868,"Heavy Meddle"
869,"Exulting"
870,"Orpheus (ARG)"
871,"Big Thicket"
872,"Nobody Move"
873,"Lion Sleeps"
874,"Rockin Emmzy"
875,"Karabessa"
876,"Sister Emily"
877,"Fox Red"
878,"Union Wise"
879,"La Maquina Gris"
880,"Miss Emily's Smile"
881,"Trip Ups"
882,"Craigville Beach"
883,"Bronx Bomber"
884,"Bank Gala"
885,"Ravenbro"
886,"Daring Disguise"
887,"Opt"
888,"Carfullofmoonshine"
889,"Mo Flash"
890,"Cathy Naz"
891,"Leah's Dream"
892,"Orchid Party"
893,"Cryinthemoonlight"
894,"Seed Money"
895,"Six Brothers"
896,"Tiger Man"
897,"Clara Allen"
898,"Bizness Beauty"
899,"Satin Sheets"
900,"Zabaione"
901,"Dublin Leprechaun"
902,"Blessed Honour"
903,"Bluegrass Jamboree"
904,"Noble Freud"
905,"Princessof Philmar"
906,"Thinkingofglenn"
907,"Diamond N Simon"
908,"Double the Bet"
909,"Haikal"
910,"Joevia"
911,"Jump for Alex"
912,"Cocoa Bella"
913,"Overheated"
914,"Deserted"
915,"Caoimhe"
916,"Spectator Sport"
917,"Unbridled Mesa"
918,"Our Last Buck"
919,"Lem Me Tel Ya"
920,"Eddie Boy"
921,"She Makes Me Smile"
922,"Honey Graeme"
923,"Nth Degree"
924,"Rachel's Blue Moon"
925,"Ironclad"
926,"Frostie Anne"
927,"Midnight Disguise"
928,"Bonita Bianca"
929,"Frosty Margarita"
930,"Zealous"
931,"Rucksack"
932,"Mutaraabit"
933,"Replicator"
934,"Clonedsimmard"
935,"It's a Shaw Thing"
936,"Phil's Babe"
937,"Gaby Vee"
938,"Lemon Crush"
939,"Astrology Hill"
940,"Thenorthremembers"
941,"Asher the Dasher"
942,"Jump Ruler"
943,"D J's Favorite"
944,"Face It"
945,"Unbridledadventure"
946,"Magari"
947,"Tequila Sunday"
948,"Lolli"
949,"Thread the Needle"
950,"Trimmed in Grey"
951,"Dazzle Me"
952,"Becca Takes Charge"
953,"Champayne"
954,"Imasuperstar"
955,"Gun for Hire"
956,"Beach Access"
957,"Takeoff"
958,"Indimaaj"
959,"Holiday Disguise"
960,"Absatootly"
961,"Startwithsilver"
962,"I Still Miss You"
963,"Queeb"
964,"Icey Cash"
965,"Inflection"
966,"Monaghan"
967,"Chef Funny Money"
968,"Smooth Quality"
969,"Cadeau de Paix"
970,"Restructure"
971,"Appreciate"
972,"Discreet Mission"
973,"Will Dancer"
974,"Inclunation"
975,"Eddy Dirt"
976,"Gallant Bid"
977,"Blewitt"
978,"Preston Court"
979,"Candy Smile"
980,"Neper"
981,"Thesis"
982,"Mend Up"
983,"Power Source"
984,"Mac's Revolution"
985,"Brother Tez"
986,"Twisted Tom"
987,"Loki's Vengeance"
988,"Saratoga Promise"
989,"Da Berg"
990,"Freudian Sip"
991,"Bobby Man"
992,"The Sinner Is You"
993,"Fotis"
994,"Millionaire Joe"
995,"Star Sweep"
996,"Alphardini"
997,"Thank You So Much"
998,"First Dawn"
999,"Chilly in Charge"
1000,"Summer Squeeze"
1001,"Cirque"
1002,"Riken"
1003,"Strive for a Cure"
1004,"Beachside"
1005,"Sudden Surprise"
1006,"Bluegrass Express"
1007,"Wisconsin Night"
1008,"Claire's Kitty"
1009,"Moon Tweet"
1010,"Reigning Fire"
1011,"Carlisle Belle"
1012,"Eight Minute Ellie"
1013,"Avalina"
1014,"Xanthique"
1015,"Mom I Forgive You"
1016,"Fitzwillie"
1017,"Royal Albert Hall (GB)"
1018,"Eagle Pass"
1019,"Hokulea"
1020,"Prompt"
1021,"Nicodemus"
1022,"Business Cycle"
1023,"Guacamole"
1024,"Hey Mamaluke"
1025,"Amandasromeo"
1026,"Fair Lassie"
1027,"Topline"
1028,"Barbara P"
1029,"Detective Kid"
1030,"Somebody"
1031,"Support Our Cause"
1032,"Garsoon"
1033,"G Zap"
1034,"Laura's Posse"
1035,"Panther Creek"
1036,"Tiz No Bluff"
1037,"She's Not Bluffing"
1038,"Crick"
1039,"Jibber Jabber"
1040,"Behind the Couch"
1041,"Lady Macho"
1042,"Mo Savings"
1043,"Arch's Smile"
1044,"Queen of Umaill"
1045,"Formal Start"
1046,"Suas"
1047,"Lohengrin Two"
1048,"Wushu Warrior"
1049,"War Tocsin"
1050,"Tri Saint Lorenzo"
1051,"Miami Mumbles"
1052,"Freedom Prince"
1053,"Tariff Tantrum"
1054,"Pepper Lane"
1055,"Forgotten Hero"
1056,"O Shea Can U See"
1057,"Drummer Don"
1058,"Lonhtwist"
1059,"Camouflaged Kisser"
1060,"Tale of Mist"
1061,"Devine Dental"
1062,"Blinded Vision"
1063,"Swiping Dan"
1064,"Hailey's Flip"
1065,"Picture Day"
1066,"Creative Style"
1067,"Dynamite Kitten"
1068,"Whistling Birds"
1069,"Captain Frost"
1070,"Mr Wonderful"
1071,"Coolboy"
1072,"Colorado Grandslam"
1073,"Give Me a Hug"
1074,"Plum Bay"
1075,"Stink Man"
1076,"Brockthebank"
1077,"Dublin Green"
1078,"Invest"
1079,"Joopster"
1080,"Taptaptap"
1081,"Mister Muy Bien"
1082,"Elegant Zip"
1083,"Summer Bourbon"
1084,"Candid Desire"
1085,"Stretch's Stone"
1086,"Hamptons Holiday"
1087,"Amistad"
1088,"Flat Rate"
1089,"Volodina"
1090,"Puparee"
1091,"My Lightnin Strike"
1092,"Surface Strike"
1093,"Pennys From Heaven"
1094,"Aly's Courage"
1095,"Two Hot Betty"
1096,"Mama's Funky Baby"
1097,"Mats Checkride"
1098,"Miss Hot Stones"
1099,"Pas de Deuce"
1100,"Forewarned"
1101,"Leitone (CHI)"
1102,"Sanaable"
1103,"Jasminesque"
1104,"G. T. Sonia"
1105,"Happy Farm"
1106,"Disciplanarian"
1107,"Sarahrini"
1108,"Lookbothways"
1109,"Tzipi"
1110,"Queendom"
1111,"Freud's Secret"
1112,"Candy Promises"
1113,"Obsolete"
1114,"Powerfully Built"
1115,"Skychief"
1116,"Incidentally"
1117,"Lovejoy"
1118,"Fear No One"
1119,"Major Flirt"
1120,"He'smyluckyfellow"
1121,"Midnight Sky"
1122,"Unparalleled"
1123,"Cape Ann"
1124,"Oh My Papa"
1125,"Tizgame"
1126,"Noble Cause"
1127,"D S Advantage"
1128,"Spring Emperor"
1129,"My Sage"
1130,"Shadow Rider"
1131,"Itsjustnotyourday"
1132,"No Stone Unturned"
1133,"Pascha Pascha"
1134,"Do Share"
1135,"Life in Shambles"
1136,"Vino Rosso"
1137,"Shivermetimbers"
1138,"Curlin's Honor"
1139,"Instagrand"
1140,"Much Better"
1141,"Knicks Go"
1142,"Espresso Shot"
1143,"Oxy Lady"
1144,"Orra Moor"
1145,"Please Flatter Me"
1146,"Strictly the Best"
1147,"Gobi"
1148,"Yourcreditisgood"
1149,"Wildcat Belle"
1150,"Orbed"
1151,"Vero Sun"
1152,"Final Say"
1153,"Hizaam"
1154,"Litany"
1155,"Dream Friend"
1156,"Divine Miss Grey"
1157,"Split Time"
1158,"Road to Victory"
1159,"Crackspeed (ARG)"
1160,"Mia Bella"
1161,"Roziere"
1162,"Keepmyeyeontheboys"
1163,"Amanda Lane"
1164,"Offlee Irish"
1165,"Mandatory Payout"
1166,"Statesboro"
1167,"Street Prayer"
1168,"Distorted News"
1169,"Weekend Madness"
1170,"Moscows Got Talent"
1171,"Miss Flambe"
1172,"Jonathan McD"
1173,"Who's Driving"
1174,"Big Mountain"
1175,"Almendro"
1176,"Our Honor"
1177,"Pipes"
1178,"Spice Road"
1179,"Manipulate"
1180,"Superhighway"
1181,"Roseboro"
1182,"Apex Predator"
1183,"Roll Tide"
1184,"Adirondack Dream"
1185,"Prince Slaughter"
1186,"Intersect"
1187,"Marie's Tuff"
1188,"Flattering Eyes"
1189,"Bye Bye Man"
1190,"Bronxville"
1191,"Impunity"
1192,"Mount Olympus"
1193,"Big Bennys Tribute"
1194,"Miss You Blues"
1195,"Canarsie Princess"
1196,"Homemade"
1197,"Thunder's Honor"
1198,"Da Meister"
1199,"Luz Mimi"
1200,"Assail"
1201,"Cash Offer"
1202,"Rumor Driven"
1203,"Linda's Ballet"
1204,"Nine From Two"
1205,"Turbulence"
1206,"Tizanoxbow"
1207,"Big Wonder"
1208,"Magnesite"
1209,"Hurricane Andrew"
1210,"Evan"
1211,"Giant Sandy"
1212,"Mysterioustraveler"
1213,"Greg King of Kool"
1214,"Mungoose"
1215,"High Command"
1216,"Mighty Wind"
1217,"Central Time"
1218,"High Roller"
1219,"Workaholic"
1220,"Two Dozen Roses"
1221,"Friendship Seven"
1222,"Mohican"
1223,"Holey Matrimony"
1224,"Bassman Dave"
1225,"Step to the Bank"
1226,"Run From Theheat"
1227,"Brass Ring"
1228,"Nancysaidso"
1229,"Real Dan"
1230,"Big Gemmy"
1231,"Sams Last Ghasp"
1232,"Sun Studio"
1233,"Storm Rising"
1234,"Pink Twist"
1235,"Brown Essence"
1236,"South of the Shore"
1237,"Mo Moxie"
1238,"We Are Family"
1239,"Cool Your Boots"
1240,"Don't Rush"
1241,"Hashtag Selfie"
1242,"Flashndynamite"
1243,"To the Flag"
1244,"Ola Gatita"
1245,"Bow Town Cat"
1246,"Miss Jak"
1247,"Watch My Dust"
1248,"Colonel Canuck"
1249,"Sarah's Treasure"
1250,"Two Putt"
1251,"Will Did It"
1252,"Trusting Friend"
1253,"Lady by Choice"
1254,"King Koa"
1255,"Dattt Melody"
1256,"Colonel Juan"
1257,"Dynamax Prime"
1258,"Mr. Brix"
1259,"Hoffenheim"
1260,"Rockinn On Bye"
1261,"Connolly's Beads"
1262,"Bestinthebusiness"
1263,"Play Me a Memory"
1264,"Red Zinger"
1265,"Laughing Manners"
1266,"Pay the Vet"
1267,"Laur Net"
1268,"Seven Plus Seven"
1269,"Early Retirement"
1270,"Mounted Cop"
1271,"Prince Halo"
1272,"Wilson's Holiday"
1273,"Bustin Shout"
1274,"Ragtime Suzy"
1275,"Pat's No Fool"
1276,"Three Birds"
1277,"Quasar"
1278,"Inspector Havers"
1279,"Mrs Stinkman"
1280,"Semaya"
1281,"Bowl of Kisses"
1282,"Irish Lassie"
1283,"Sororitysweetheart"
1284,"She's Trouble"
1285,"Shesasuperfreak"
1286,"Herecomesyourman"
1287,"Variant Perception"
1288,"Sport"
1289,"Zonic"
1290,"Come Dancing"
1291,"Pacific Gale"
1292,"Rosyjersey"
1293,"Star of the East"
1294,"Recess"
1295,"Lough Na Mona"
1296,"Amarone"
1297,"Scarlet's Command"
1298,"Violetas Visions"
1299,"Mo Gotcha"
1300,"Vehement"
1301,"Punchline"
1302,"Labeq"
1303,"Dr. Albert"
1304,"Flashpackinbarbie"
1305,"Pretty Spectacular"
1306,"Compulsion"
1307,"Mineshaft Blues"
1308,"Applicator"
1309,"Ode to the Hunt"
1310,"Wicked Freud"
1311,"Cloontia"
1312,"Slim Shadey (GB)"
1313,"Sycamore Lane"
1314,"Tiz a Chance"
1315,"Call Paul"
1316,"Mucho"
1317,"Life's a Parlay"
1318,"Monongahela"
1319,"Positive Spirit"
1320,"Off Topic"
1321,"Proud Emma"
1322,"World of Trouble"
1323,"Identity Politics"
1324,"Tacitus"
1325,"Math Wizard"
1326,"Final Jeopardy"
1327,"Hoffa's Union"
1328,"Outshine"
1329,"Overdeliver"
1330,"Sea Foam"
1331,"Unleveraged"
1332,"Chantry Flats"
1333,"Pioneer Dancer"
1334,"Strategic Outlook"
1335,"Hampton Point"
1336,"Tide of the Sea"
1337,"Rhode Island"
1338,"Great Going"
1339,"Inspector Lynley"
1340,"Multiplier"
1341,"Maraud"
1342,"Awesome Saturday"
1343,"Black Tide"
1344,"On the Town"
1345,"Romantic Pursuit"
1346,"Morelikelythannot"
1347,"Lido Key"
1348,"Unabridged (IRE)"
1349,"Dolores Westworld"
1350,"Five Alarm Robin"
1351,"Achilles Warrior"
1352,"Fixedincome Larry"
1353,"All Systems Go"
1354,"American Rule"
1355,"Call Me Kayla"
1356,"Too Cool to Dance"
1357,"Go Rose (GER)"
1358,"War Canoe"
1359,"Wegetsdamunnys"
1360,"Keota"
1361,"Little Big Risk"
1362,"Skywriting"
1363,"Samaronti"
1364,"You Tell Me"
1365,"Laura's Patriot"
1366,"Rattlesnake Bite"
1367,"Candy Boss"
1368,"Prisoner's Dilemma"
1369,"Gunboat Diplomacy"
1370,"J J Jen"
1371,"Andretta"
1372,"Tarallucci"
1373,"Summer Fantasy"
1374,"Beautiful Lover"
1375,"Makeme Dream"
1376,"Western Curl"
1377,"Style and Grace"
1378,"Multi Strategy"
1379,"Red Mule"
1380,"Cube"
1381,"Don Ciccio"
1382,"Serengeti Cat"
1383,"Cairo Queen"
1384,"My Galina"
1385,"Bye Bye Nicky"
1386,"Stylishly"
1387,"Daddy's Melody"
1388,"Nymphesa (GER)"
1389,"Her Latest Film"
1390,"Laquezza"
1391,"Zandora"
1392,"Eloweasel"
1393,"Jimi Bags"
1394,"Helen's Tiger"
1395,"Ardara Belle (FR)"
1396,"Thomas Knight"
1397,"Chipolata (FR)"
1398,"War Cabinet"
1399,"Violet Blue"
1400,"Chiara Luna"
1401,"Nazay"
1402,"Seattle Frost"
1403,"State of Mine"
1404,"Greek Alphabet"
1405,"Harlan's Harmony"
1406,"Lemonist"
1407,"Ninety One Assault"
1408,"Prioritize"
1409,"Valmont"
1410,"Danzante"
1411,"Sounds Good"
1412,"Freudnme"
1413,"Bears Mafia"
1414,"My Primo"
1415,"Mr. Mims"
1416,"El Hermano"
1417,"Wantagh Queen"
1418,"Merlins Muse"
1419,"Barrel of Destiny"
1420,"Tiz a Kitten"
1421,"Fast Getaway"
1422,"Grand Banks"
1423,"Handle With Care"
1424,"Middle Out"
1425,"Timber Ghost"
1426,"Driven to Compete"
1427,"Ash n' Em"
1428,"Awe Honey"
1429,"Regally Irish"
1430,"Skole"
1431,"Mount Travers"
1432,"Wonder Stone"
1433,"Morgantown"
1434,"Sider On Da Mound"
1435,"Nisha"
1436,"Karen's Gem"
1437,"Chorus Line"
1438,"Newly Minted"
1439,"Bank Examiner"
1440,"Doll"
1441,"Singular Sensation"
1442,"Chillinwithfriends"
1443,"Very Stable Genius"
1444,"Funny Money Honey"
1445,"Lady Love"
1446,"Tropical Joy"
1447,"Another Broad"
1448,"My Miss Lilly"
1449,"Adios Amigos"
1450,"The Grand Canal"
1451,"Fort Worth"
1452,"Ruvies in Time"
1453,"Fifty Five"
1454,"Conquest Hardcandy"
1455,"Coffee Crush"
1456,"Thais (FR)"
1457,"Front Run the Fed"
1458,"Wild Medagliad'oro"
1459,"Point of Humor"
1460,"Duncastle"
1461,"Northern Haze"
1462,"Mass Appeal"
1463,"The Right Path"
1464,"Standard Deviation"
1465,"Back to Back"
1466,"Mr. Vincent"
1467,"Lorri's Candy"
1468,"Eyeinthesky"
1469,"Fashion Faux Pas"
1470,"Mae Never No (IRE)"
1471,"Golconda (FR)"
1472,"Queen of Bermuda (IRE)"
1473,"Riendo"
1474,"Impazible Odds"
1475,"Fleet Admiral"
1476,"Mo Mystery"
1477,"Micromillion"
1478,"Tesorina"
1479,"Lady Fatima"
1480,"No Sugar No Cream"
1481,"Lil Morning Star"
1482,"Preternatural"
1483,"Milvado"
1484,"Go Poke the Bear"
1485,"Honorable Hero"
1486,"Traffic Stop"
1487,"False Info"
1488,"Don Polo"
1489,"Double Medal"
1490,"Avocado"
1491,"Candy for All"
1492,"Cashmere Woods"
1493,"Finance Reform"
1494,"Hoard"
1495,"Psychic Energy"
1496,"Outrageous Bet"
1497,"Shiraz"
1498,"We Should Talk"
1499,"The Crocheron Kid"
1500,"Catch a Cab"
1501,"Abounding Joy"
1502,"Posse Needed"
1503,"Mom's Kisses"
1504,"Taniell's Candy"
1505,"Smart Throb"
1506,"Can U Handle This"
1507,"Queen Kahen"
1508,"Simply Fast"
1509,"County Court"
1510,"Snake Oil Charlie"
1511,"Letterman"
1512,"Field Patrol"
1513,"Wicked Trick"
1514,"Dreammaster"
1515,"Awesome Ammo"
1516,"Wicked Grin"
1517,"Qian B C"
1518,"Elektronic"
1519,"Scotty Brown"
1520,"Moo Lah"
1521,"Jack the Cat"
1522,"Long Haul Bay"
1523,"Hudson Overpass"
1524,"Fortune Smiles"
1525,"Maven"
1526,"Lebda"
1527,"Analyze Your Risk"
1528,"Women Not Easy"
1529,"Managing Risk"
1530,"Dotdotdash"
1531,"Feel Glorious (GB)"
1532,"Blowout (GB)"
1533,"La Feve (FR)"
1534,"Aunt Hattie (IRE)"
1535,"Her Royal Highness"
1536,"Our Super Nova"
1537,"Sunshine Gal"
1538,"Wish Upon"
1539,"Classic Lady"
1540,"Shady Shady Shady"
1541,"Pound Note"
1542,"Codrington"
1543,"Adorable Song"
1544,"Shareholder Value"
1545,"Believe in Luck"
1546,"Spectrolite"
1547,"Spring to the Sky"
1548,"Nice Tune"
1549,"Compagno"
1550,"The Postmaster"
1551,"Uncle Curly"
1552,"Quick Charge"
1553,"Cause for Applause"
1554,"Zechariah"
1555,"Determined One"
1556,"Big Bella Brown"
1557,"River Echo (GB)"
1558,"Internet of Things"
1559,"Sporting Art"
1560,"Time Expired"
1561,"Candygram"
1562,"King Cause"
1563,"Blame the Thief"
1564,"Clint Maroon (GB)"
1565,"Forty Under"
1566,"Empire of War"
1567,"Five Star General"
1568,"Minsky Moment"
1569,"Lutsky"
1570,"Bangle Gal"
1571,"Bankit"
1572,"Eight Oaks"
1573,"Smokin Princess"
1574,"Stunning Munnings"
1575,"Jen's Battle"
1576,"Kit Kat Katie"
1577,"Miss Liana"
1578,"Winning Melody"
1579,"Empress Luciana"
1580,"Big Red Girl"
1581,"Crack of Dawn"
1582,"My Candy Girl"
1583,"Pazyarmonia"
1584,"Roma Carpe"
1585,"Felony Melanie"
1586,"Prairie Fire"
1587,"Heaven's Humor"
1588,"Later Cat"
1589,"Implied Volatility"
1590,"Brown Eyed Boy"
1591,"Champagne Chills"
1592,"Paynter's Prize"
1593,"Makin' Out"
1594,"Holmdel Park"
1595,"Aubrey Tate"
1596,"Chouchou de Boo"
1597,"Desbordes"
1598,"Fractorzation"
1599,"Queentigua"
1600,"Dream Chasing"
1601,"My Bronx Tail"
1602,"Kodiak Katie"
1603,"Canteen"
1604,"Smooth With a Kick"
1605,"Hollywood Glory"
1606,"Awesome Alana"
1607,"Love and Love"
1608,"Tempers Way"
1609,"Paved With Gold"
1610,"Maedean"
1611,"Power Move"
1612,"Ankle Monitor"
1613,"Vast"
1614,"Sweet Kisses"
1615,"Cee's Overture"
1616,"Fight On Lucy"
1617,"Am Impazible"
1618,"Pendolino"
1619,"Clever Tale"
1620,"Midnight Banker"
1621,"Queenofeverything"
1622,"Happy Music"
1623,"Cover Photo"
1624,"Radiantrithym"
1625,"Turbo Drive"
1626,"Sanctuary City"
1627,"Power Up Paynter"
1628,"Our Troubadour"
1629,"Zipalong"
1630,"Go Rudy Go"
1631,"Notorious Flirt"
1632,"De Kooning"
1633,"Goneonamission"
1634,"Ariesberg"
1635,"Ghost Giant"
1636,"The J Y"
1637,"Whatawonderflworld"
1638,"Ides of Arch"
1639,"Gambler's Fallacy"
1640,"Centrist"
1641,"Getoffmyback"
1642,"The Forty Factor"
1643,"Brimstone"
1644,"Lord Simba"
1645,"Stanhope"
1646,"Portfolio Hedge"
1647,"Dante's Fire"
1648,"Empire Express"
1649,"Michael's Bad Boy"
1650,"Political"
1651,"Lord Camden"
1652,"Bellarmine Hall"
1653,"Stash My Money"
1654,"Legend of Bam"
1655,"Payne"
1656,"Sobersick N Sorry"
1657,"Souper Courage"
1658,"No Regrets"
1659,"Golden Award"
1660,"Moonlit Garden"
1661,"Gotham Gala"
1662,"Alberobello"
1663,"Zena Rules"
1664,"Jeltrin"
1665,"Bellera"
1666,"Him She Kisses"
1667,"Microscope"
1668,"Blues City"
1669,"Victory Built"
1670,"Wild Banker"
1671,"True Palace"
1672,"Titan's Will"
1673,"Small Invasion"
1674,"Macho Boy"
1675,"Big Royal Lineage"
1676,"Cray Cray"
1677,"Autonomous"
1678,"Bay Jewel"
1679,"Sengekontacket"
1680,"Brooke and Emory"
1681,"Amazing Ride"
1682,"Sky Tap"
1683,"Worth a Shot"
1684,"Nutzforboltz"
1685,"Jo's Bold Cat"
1686,"Albie"
1687,"Dashing Dan"
1688,"Risky Sour"
1689,"They Shot Sonny"
1690,"Majestic Affair"
1691,"Somes Sound"
1692,"Long Term Thinking"
1693,"Alan's Argument"
1694,"Fabulous Fun"
1695,"Ownitifyouwantit"
1696,"Mucho Sunshine"
1697,"Up and Onward"
1698,"Speaktomeofsummer"
1699,"English Breeze"
1700,"Quality Heat"
1701,"Astoria Kitten"
1702,"Sparkling Sky"
1703,"Bredenbury (IRE)"
1704,"Micheline"
1705,"Wicked Title"
1706,"Sky Kitten"
1707,"Dowse's Beach"
1708,"Le General"
1709,"Bourbon Mission"
1710,"Ethan Hunt"
1711,"Manoffire"
1712,"Proven Reserves"
1713,"Ruby Bleu"
1714,"Westerland (GB)"
1715,"Guns of Steel"
1716,"Empressof the Nile"
1717,"Homeland Security"
1718,"Lemon Zip"
1719,"Fools Gold"
1720,"Not in Jeopardy"
1721,"Mercilla"
1722,"Beau Belle"
1723,"Sky Full of Stars (GER)"
1724,"Lady Montdore"
1725,"Pamina"
1726,"Independence Hall"
1727,"Meru"
1728,"Chase Tracker"
1729,"Famished"
1730,"Ashaar"
1731,"Liveyourbeastlife"
1732,"Spycraft"
1733,"Americanus"
1734,"What's to Blame"
1735,"Cavaradossi"
1736,"Mr. Mike"
1737,"Sweet Ride"
1738,"Good Solution"
1739,"Trans Mississippi"
1740,"Funderella"
1741,"Savvy Cairo"
1742,"Remembering Bobbie"
1743,"Playing Hooky"
1744,"Croque Monsieur (GB)"
1745,"Inscom"
1746,"Coral Legacy"
1747,"Appealing Briefs"
1748,"Ego"
1749,"Speed Gracer"
1750,"Conforto"
1751,"Somethingtotellyou"
1752,"Cold Hard Cash"
1753,"True Grace"
1754,"Diannesimpazible"
1755,"Tapizearance"
1756,"Forever Wicked"
1757,"First Deputy"
1758,"Smoken Deb"
1759,"Bean Counter"
1760,"Tiple (IRE)"
1761,"Trixie's Time"
1762,"Sea Sparkle"
1763,"Nan's Plan"
1764,"Tass"
1765,"Quiet Dignity"
1766,"Whatdoesasharksay"
1767,"Beale Street"
1768,"Monhegan"
1769,"Alydarius"
1770,"New Girl in Town"
1771,"Riot Worthy"
1772,"Saratoga Treasure"
1773,"China Silk"
1774,"O'Malley"
1775,"Zip Drive (FR)"
1776,"Fionnbharr"
1777,"Dance Till Dawn"
1778,"Tide Storm"
1779,"Jennemily"
1780,"King's Honor (IRE)"
1781,"Le Coste"
1782,"Alley Oop Johnny"
1783,"Rapstorerocks"
1784,"Happy Danza"
1785,"Geta Lode of Lucky"
1786,"Upham"
1787,"Tipazo"
1788,"Hostile Witness"
1789,"Hihosey"
1790,"Tempesta"
1791,"Champagne Bliss"
1792,"Blahnik"
1793,"Pharaoh's Daughter"
1794,"Hickory Made"
1795,"Rapido Gatta"
1796,"Liam Lets Go"
1797,"Ari's Naughty Luca"
1798,"Our Lady of Loreto"
1799,"La Negrita"
1800,"All About Reyana"
1801,"Big Cyn"
1802,"Bow Maker"
1803,"Mayas Miracle"
1804,"Musical Thunder"
1805,"Always a Queen"
1806,"Cerretalto"
1807,"Leaky Cup"
1808,"Moral Reasoning"
1809,"Stunting"
1810,"Henni Penny"
1811,"Coin the Phrase"
1812,"Zoysia"
1813,"Strike Magic"
1814,"Ameriel"
1815,"Pure Wow"
1816,"Summer Belief"
1817,"Queen Daveigh"
1818,"Earned Success"
1819,"Lucky Ramsey"
1820,"Full Salute"
1821,"The Sicarii"
1822,"Doups Point"
1823,"Danebury"
1824,"End Play"
1825,"Fig Jelly"
1826,"Kitten's Cat"
1827,"Blessed Halo"
1828,"Square Shooter"
1829,"The Critical Way"
1830,"McErin"
1831,"Dirty"
1832,"Blueblood"
1833,"Bella Rose"
1834,"Maliceinthepalace"
1835,"Lookn Fine as Wine"
1836,"Hedonism"
1837,"R V Treasure"
1838,"Evade"
1839,"Roma Delight"
1840,"Days of Spring"
1841,"Launch Sequence"
1842,"Shine Like Bobby"
1843,"Barker Lane"
1844,"Monaco Princess"
1845,"Balon Rose"
1846,"Ocean Fire"
1847,"Smack"
1848,"Take Ten"
1849,"Tapit to Ride"
1850,"Soul Kitchen"
1851,"Keepme in Thegame"
1852,"Navasha"
1853,"Champagne Diet"
1854,"Fritzi"
1855,"So Gracious"
1856,"Quality Choice"
1857,"Devoted Kitten"
1858,"Thomond Park"
1859,"Spinning Kitten"
1860,"Decadence"
1861,"Elios Milos"
1862,"Bustin Mach Four"
1863,"Lucky Bet"
1864,"Indian Ghost"
1865,"Seducer"
1866,"Luck Money"
1867,"Boom Boom Girl"
1868,"Harvey's Lil Goil"
1869,"Aziza"
1870,"Stunning Sky"
1871,"Espressoandacheck"
1872,"Fashion Rules"
1873,"Ylikedis"
1874,"Look Me Over"
1875,"She'samericanmade"
1876,"Devamani (FR)"
1877,"Instilled Regard"
1878,"Flavius"
1879,"Aquaphobia"
1880,"Rapt"
1881,"Hay Dakota"
1882,"Strike Me Down"
1883,"Another"
1884,"Saguaro Row"
1885,"Philanthropic"
1886,"Pink Sands"
1887,"Last True Love"
1888,"Majestic Reason"
1889,"Caribou Club"
1890,"Frontier Market"
1891,"Just Howard"
1892,"Golden Brown"
1893,"Voodoo Song"
1894,"Gidu (IRE)"
1895,"Dr. Edgar"
1896,"Abiding Star"
1897,"Jack and Noah (FR)"
1898,"Embolden"
1899,"So Street"
1900,"Me and Mr. C"
1901,"Old Chestnut"
1902,"Montauk Daddy"
1903,"Turned Aside"
1904,"Fly Fly Away"
1905,"Mystic Lancelot"
1906,"Freewheeler"
1907,"Prince of Thieves"
1908,"Axiomo"
1909,"Toledo"
1910,"Onward"
1911,"Hunt the Front"
1912,"Flatter Me"
1913,"Malibu Edge"
1914,"Divine Leader"
1915,"Aasr"
1916,"Colloquist"
1917,"Verify"
1918,"Manolito"
1919,"Zuzudini"
1920,"Hard to Be Humble"
1921,"Complex System"
1922,"Degas"
1923,"This Ill Defend"
1924,"U S Army Corps"
1925,"Centurion"
1926,"Witherspoon"
1927,"Worldlink"
1928,"Fortune Found"
1929,"Pecatonica"
1930,"Hit a Provisional"
1931,"Augusta Moon"
1932,"Margie Music"
1933,"Crater Rim"
1934,"Star Swept"
1935,"Positive Skew"
1936,"Communicator"
1937,"Kid Bourbon"
1938,"Road Home"
1939,"Hail Michigan"
1940,"Corcoran"
1941,"Mo Diddley"
1942,"What a Catch"
1943,"Three Outlaws"
1944,"Brockmoninoff"
1945,"Wild William"
1946,"Preferred Outcome"
1947,"Elenzee"
1948,"Alphastest"
1949,"Starry Messenger"
1950,"Crack Shot"
1951,"Myawaya"
1952,"New York Supreme"
1953,"Princess Corey"
1954,"Bankers Daughter"
1955,"Silver Bank"
1956,"Cazilda Fortytales"
1957,"Bella Invasion"
1958,"Lucky Lizzie"
1959,"Carpe Amorina"
1960,"Voltairine"
1961,"Funfetti"
1962,"Luzmaria"
1963,"Network Effect"
1964,"Airtouch"
1965,"Dark Storm"
1966,"Aurelius Maximus"
1967,"Purrageous Dyna"
1968,"Fly So Pretty"
1969,"Miss J McKay"
1970,"Karak"
1971,"Enola Gay"
1972,"Lucrezia"
1973,"A Freud of Mama"
1974,"Violent Point"
1975,"Bayerly Seen"
1976,"Masque d'Oiseau"
1977,"Bray"
1978,"Monkeyseemonkeydo"
1979,"Loaded Joe"
1980,"Sandy Lane Kitten"
1981,"Lookin At Roses"
1982,"Pallas Athene"
1983,"Roller Rolls On"
1984,"Noble Nebraskan"
1985,"Foti"
1986,"Jabuticaba"
1987,"Rosebud's Hope"
1988,"Fed Up Fired Up"
1989,"Justin Time"
1990,"Arch of Troy"
1991,"Customerexperience"
1992,"Mariposa d'Oro"
1993,"Halo City"
1994,"Money Never Sleeps"
1995,"Quantum Computing"
1996,"Twirling Faith"
1997,"Annoula"
1998,"Data Driven"
1999,"Cartwheelin Lulu"
2000,"Bertranda"
2001,"Chowda"
2002,"Bourbon Bay"
2003,"Tercero"
2004,"Jack of Clubs"
2005,"Noble Endeavor"
2006,"Selfmade"
2007,"Beta"
2008,"Oconee"
2009,"Oneshotatforever"
2010,"Willing to Speed"
2011,"Ninja Dust"
2012,"Tricky Magician"
2013,"I'm Elmer J Fudd"
2014,"Solar"
2015,"Fairy Link"
2016,"Duress"
2017,"Smile Bryan"
2018,"Hurricane Hill"
2019,"Standup"
2020,"Clyde's Runner"
2021,"Boppin Anda Weavin"
2022,"Lundqvist"
2023,"Honey Won't"
2024,"Wild One Forever"
2025,"English Humor"
2026,"Country Grammer"
2027,"Portos"
2028,"Mo and Go"
2029,"Mischief Afoot"
2030,"Juulstone"
2031,"Tapage"
2032,"Hard Sting"
2033,"Vintage Print"
2034,"King of American"
2035,"Afleet Brody"
2036,"Out of Trouble"
2037,"Fetching"
2038,"Short Pour"
2039,"Pins and Needles"
2040,"Deja Raconte"
2041,"Plink Freud"
2042,"Freudycatfever"
2043,"Fusi"
2044,"Molly's Nighthawk"
2045,"Here Comes Meg"
2046,"Mighty Knight"
2047,"Yankee Division"
2048,"Sneads"
2049,"Single Focus"
2050,"Qaabil"
2051,"Masterprize"
2052,"Purely Lucky"
2053,"Bronco Sally"
2054,"Factoring"
2055,"Kickin Kimberly"
2056,"Stonefactor"
2057,"Lake Avenue"
2058,"Seaside Retreat"
2059,"Kansas Kis"
2060,"Wicked Happy"
2061,"Mr. Kringle"
2062,"Cherokee Song"
2063,"Justintimeforwine"
2064,"Back Charge"
2065,"Ringgood"
2066,"Danzing Dunhill"
2067,"Smite"
2068,"Princess Victoria"
2069,"Hannah's Smile"
2070,"First Appeal"
2071,"A Little Faith"
2072,"High Jingo"
2073,"Hollywood Cat"
2074,"Theaterintheround"
2075,"Dull Knife"
2076,"Soul Fight"
2077,"Violent Delights"
2078,"Monmouth Dr"
2079,"Sargeant Drive"
2080,"Spirit Animal"
2081,"Gauguin (GER)"
2082,"Everyonelovesjames"
2083,"Blockade"
2084,"Road to Meath"
2085,"Clear Vision"
2086,"Conviction Trade"
2087,"Digital Footprint"
2088,"Alphalfa"
2089,"Silver Token"
2090,"Clear the Ramp"
2091,"After Prom Party"
2092,"Exchange Fever"
2093,"Kid Chocolate"
2094,"Capt. Courageous"
2095,"Straitouta Congtin"
2096,"Plebe"
2097,"Vintage Hollywood"
2098,"Booby Trap"
2099,"Kreesie"
2100,"Passing Out"
2101,"Reversethedecision"
2102,"Arabella Bella"
2103,"Water White"
2104,"Indawin"
2105,"Persisto"
2106,"Kissing Frogs"
2107,"Sinister Siren"
2108,"Mrs. S"
2109,"Lola's Kisses"
2110,"Amazing Zero"
2111,"Paradiso"
2112,"Gray Witch"
2113,"Its a Ford"
2114,"Miss Jill"
2115,"Simmering Miss"
2116,"Firestormy"
2117,"Damselfly"
2118,"Emerald Ice"
2119,"Moana's Tale"
2120,"Beyond Brown"
2121,"Pandamom"
2122,"Giacosa"
2123,"Adorable Maya"
2124,"Malibu Too"
2125,"Mebs Web"
2126,"Time Shift"
2127,"Dash Dot Dot"
2128,"Bellamy Bigs"
2129,"Honey Bourbon"
2130,"Sophie Fatale"
2131,"A Dixie Twister"
2132,"La Piu Bella"
2133,"Hoponthebusgus"
2134,"Sierra Aleone"
2135,"Pugilist"
2136,"Keep Your Distance"
2137,"Alabama Bound"
2138,"China Rider"
2139,"Awesome Quick"
2140,"Proud O'Paddy"
2141,"Alisio"
2142,"Kept True"
2143,"Concerned"
2144,"Break Curfew"
2145,"Hieroglyphics"
2146,"Siding Spring"
2147,"Krewe Chief"
2148,"Seanow"
2149,"River Deep"
2150,"Surprise Arrival"
2151,"Keypit"
2152,"Banque de Margaux"
2153,"Miss Gold Medalist"
2154,"Menzamenz"
2155,"Super Twenty Seven"
2156,"Impazible Girl"
2157,"Tourbillon Rose"
2158,"Kefaliani"
2159,"Theyallcomehome"
2160,"So Sublime"
2161,"Hellbender"
2162,"Voliero"
2163,"Aintitfunkynow"
2164,"Neuro"
2165,"Too Early"
2166,"Dreamofasamurai"
2167,"Troubleshooter"
2168,"Mitzrayim"
2169,"Themsfightinwords"
2170,"Galway Empire"
2171,"Bijemini Slew"
2172,"Bondurant"
2173,"Brucarita"
2174,"Atta Kid"
2175,"Total Tap"
2176,"Machtree"
2177,"Mobridge"
2178,"Local Hero"
2179,"Hills Pond"
2180,"Hemlock"
2181,"Mr Phil"
2182,"Trash Talker"
2183,"Ikeisgreat"
2184,"Kingmeister"
2185,"Robber Bob"
2186,"Obsessed"
2187,"Bayern's Mirage"
2188,"Southern Brigade"
2189,"Quiet Out East"
2190,"Saltking"
2191,"Ten Eyck"
2192,"Curlin's Legacy"
2193,"Steelersfanforlife"
2194,"Knight Frost"
2195,"Starting Point"
2196,"Tiberius Mercurius"
2197,"North Dakota"
2198,"Blameless"
2199,"French Reef (IRE)"
2200,"Rakeez"
2201,"Tough Times"
2202,"Brahe"
2203,"Donegal Aces"
2204,"Collegeville Girl"
2205,"My Last Million"
2206,"Nasty Affair"
2207,"Big Q"
2208,"Playtone"
2209,"Time Limit"
2210,"Shadolamo"
2211,"Single Verse"
2212,"My Sassy Sarah"
2213,"All Over the Map"
2214,"Altea (FR)"
2215,"Mean Mary"
2216,"Blonde Moment"
2217,"Civil Union"
2218,"Bareeqa"
2219,"Betty F (GB)"
2220,"Kelleycanrun"
2221,"Periodical"
2222,"Music of Life"
2223,"Ellanation"
2224,"Chiclet's Dream"
2225,"She's Dreamin"
2226,"Cape Cod Diva"
2227,"Teletype"
2228,"Incredible Miss"
2229,"Heartstrings"
2230,"Tradeable"
2231,"Matzo Bella"
2232,"Shrink"
2233,"Bourbon in May"
2234,"Scoreswhenhewants"
2235,"Hardest Part (GB)"
2236,"Wild Weekend"
2237,"Knockout Punch"
2238,"Aladdin Sane"
2239,"Double Happiness"
2240,"Eighty Seven North"
2241,"Go Zappem"
2242,"Cold Hearted Cat"
2243,"Herwaze"
2244,"Alreadycelebrating"
2245,"Diamond Darlin"
2246,"Fika"
2247,"Alexacrat"
2248,"Armament"
2249,"Neighborhood Bully"
2250,"Cross Border"
2251,"Mr. Alec"
2252,"Uhtred"
2253,"In Equality"
2254,"Desperado"
2255,"Strike"
2256,"Fled"
2257,"Constant Knight"
2258,"Financialstability"
2259,"Irish Valor"
2260,"Six Percent"
2261,"Perjury Trap"
2262,"Scanno"
2263,"Gufo"
2264,"Candy Tycoon"
2265,"Basie"
2266,"Breithorn"
2267,"Croi Mor"
2268,"War Stopper"
2269,"Paint Music for Me"
2270,"Jedi Master"
2271,"Brice"
2272,"Magic Fairy"
2273,"Ailish"
2274,"Mz Seb Pat"
2275,"Birthday Gift"
2276,"Dream Bigger"
2277,"Scilly Cay"
2278,"Bank On Shea"
2279,"Harris Bay"
2280,"Ny Traffic"
2281,"Mission Wrapitup"
2282,"Moonachie"
2283,"Top Hat Invasion"
2284,"Cruising Strong"
2285,"High School Crush"
2286,"Welsh Gold"
2287,"The New Miami"
2288,"Tomorrow Tomato"
2289,"Gringotts"
2290,"Holiday Belle"
2291,"Emerald Banker"
2292,"Rewarded"
2293,"Our Lady of Winloc"
2294,"Oroscopo"
2295,"Mine the Coin"
2296,"Azzedine (FR)"
2297,"Analyzethisandthat"
2298,"My Brothersledge"
2299,"Three Technique"
2300,"Polar Bear Pete"
2301,"Hockey Puck"
2302,"Mr. Shortandsimple"
2303,"The Great Johanna"
2304,"Belleza"
2305,"Amos"
2306,"Two Cent Tootsie"
2307,"Brovia"
2308,"That Is Key"
2309,"Imperial Brew"
2310,"Johnny Wishbone"
2311,"Dan the Man Can"
2312,"David's Gem"
2313,"Shandian"
2314,"Money Ride"
2315,"False Alarm"
2316,"Elite Mission"
2317,"Yo for the Yoyo"
2318,"Nextstop Pokipc"
2319,"Drink to the Clown"
2320,"Alite"
2321,"Super Silver"
2322,"Other Things Equal"
2323,"Complexity"
2324,"Hawaiian Noises"
2325,"Heavy Roller"
2326,"Appointment"
2327,"Kitty Therapy"
2328,"Vitanza"
2329,"Trumpit"
2330,"Lady Cat"
2331,"Zabava"
2332,"Mike's Girl"
2333,"Corey Scores"
2334,"Take Charge Tina"
2335,"Hard Count"
2336,"Tan and Tight"
2337,"Spin Control"
2338,"Leaveematthegate"
2339,"Gosilently"
2340,"Dream Passage"
2341,"Raining Lemons"
2342,"Touriga (BRZ)"
2343,"Satisfy"
2344,"Officer Hutchy"
2345,"Maru"
2346,"Imprsstheprofessor"
2347,"Take Charge Donna"
2348,"Central Exit"
2349,"More Diamonds"
2350,"Be Magic"
2351,"Mrs. Phelps"
2352,"Fortune's Girl"
2353,"Over Thirsty"
2354,"Ghostly Beauty"
2355,"Shannon's Girl"
2356,"Gracely"
2357,"Happy Home"
2358,"Happyandiknowit"
2359,"Absentee"
2360,"Its a Chance"
2361,"Appletini"
2362,"Red Hot Dame"
2363,"Lost Ticket"
2364,"Apurate"
2365,"Jazzy Lady"
2366,"Speedy Vanessa"
2367,"Empress Amelia"
2368,"Love of My Heart"
2369,"Orsay"
2370,"Malthael"
2371,"Betterment"
2372,"Bail Out"
2373,"Breaking Bread"
2374,"My Sacred Place"
2375,"Victory Boulevard"
2376,"Super Wicked Charm"
2377,"Aleph"
2378,"John Want Revenge"
2379,"Mister Bobby"
2380,"Casper Slew"
2381,"Larceny"
2382,"Summer At the Spa"
2383,"Cemetery V I P"
2384,"Magnetique"
2385,"City Temper"
2386,"White Hot"
2387,"Lottie's Mizzion"
2388,"Myhartblongstodady"
2389,"Miss Jen"
2390,"Kerry's Ring"
2391,"My Bernie"
2392,"Celebration (GB)"
2393,"Banana Thief"
2394,"Call Wil"
2395,"Kinenos"
2396,"Eagerly"
2397,"Telephone Talker"
2398,"Tapaloof"
2399,"Mandate"
2400,"Assiduously (GB)"
2401,"Lord of the Nile"
2402,"Queens Empire (IRE)"
2403,"Plan of Attack"
2404,"Stay True"
2405,"Free Enterprise"
2406,"Kong Style"
2407,"Double Orb"
2408,"Fast Talking"
2409,"Getmotherarose"
2410,"Kitten's Covergirl"
2411,"Honey I'm Good"
2412,"I'llhandalthecash"
2413,"Albertville (GER)"
2414,"Calinas Song"
2415,"Miss Mystique"
2416,"Buff's in Love"
2417,"Sadler's Joy"
2418,"Red Knight"
2419,"Dot Matrix"
2420,"Postulation"
2421,"Nakamura"
2422,"Have At It"
2423,"Tiz a Slam"
2424,"Marzo"
2425,"Petit Fils (FR)"
2426,"Red Right Hand"
2427,"Glorious Empire (IRE)"
2428,"Glenn Likes Gin"
2429,"Imperio D"
2430,"Unbridled John"
2431,"Carnegie Song"
2432,"Now and Again"
2433,"Geils Rocks"
2434,"Surprise Visit"
2435,"Girl of Tosconova"
2436,"The Honest Toun"
2437,"Snow Lion"
2438,"El Sangru"
2439,"No Dozing"
2440,"Noble Indy"
2441,"Quick Entry"
2442,"Our Stormin Norman"
2443,"Dr. Devera's Way"
2444,"Giant Shoes"
2445,"Valid Quest"
2446,"North Side"
2447,"Boom Boom Kaboom"
2448,"Fivestar Bandit"
2449,"My Boy Tate"
2450,"Operation Roses"
2451,"Quickflash"
2452,"Freudian Fate"
2453,"Hot Brown"
2454,"Bulwark"
2455,"Big Boy Mo"
2456,"The Joke's On You"
2457,"Constructor"
2458,"Clamor"
2459,"Uncle Ned"
2460,"Bobbyfromthepalm"
2461,"Little Mazzy"
2462,"Icy Dude"
2463,"Textpectation"
2464,"Theodosia"
2465,"Wait a Minute"
2466,"No More Miracles"
2467,"Tatterazzi"
2468,"Alert the Media"
2469,"Jet for Andy"
2470,"Might Be"
2471,"Jimmy Jazz"
2472,"Klickitat"
2473,"Crazy Life"
2474,"Dancers for Token"
2475,"Kingfish"
2476,"Maxwell Esquire"
2477,"Mo Ready"
2478,"Big Package"
2479,"Aye Aye Sir"
2480,"Dubai Bobby"
2481,"Foolish Living"
2482,"Blacktop Legend"
2483,"Ink Splotz"
2484,"Lawn Boy (GB)"
2485,"Paul Cane"
2486,"Splitting Eights"
2487,"Sea Story"
2488,"Jerome Avenue"
2489,"Robin Hood"
2490,"Canarsie Angel"
2491,"Mazal Eighteen"
2492,"Gotta Go Mo"
2493,"Saratoga Love"
2494,"Tornado Crossing"
2495,"Jimmys Lass"
2496,"Summer Sangria"
2497,"Businessindubai"
2498,"Big Bounty"
2499,"Dial Me Up"
2500,"Vibrancy"
2501,"Wishes and Dreams"
2502,"That's My Cue"
2503,"Andina Del Sur"
2504,"Theodora B."
2505,"Sweet Bye and Bye"
2506,"Go Noni Go"
2507,"My Sistersledge"
2508,"Too Charming"
2509,"Lounge Act"
2510,"Shanghai Rain"
2511,"Elle's Town"
2512,"Lady Worthington"
2513,"Bustin Hoffman"
2514,"Imaginar"
2515,"Arrifana"
2516,"Gold Standard"
2517,"Classic Fit"
2518,"Lightscameraaction"
2519,"Stand for the Flag"
2520,"Temple"
2521,"Kadar"
2522,"Halladay"
2523,"Proliferate"
2524,"Pioneer Man"
2525,"Osage Moon"
2526,"Backtohisroots"
2527,"Stuy Town Baby"
2528,"Unicorn Sally"
2529,"Tokyo Bay"
2530,"Malibu June"
2531,"Wicked Amber"
2532,"Pink Peppermint"
2533,"Toastnjam"
2534,"Fairy Diva (GB)"
2535,"Splasherstown"
2536,"Superbloodwolfmoon"
2537,"Honor Belle"
2538,"Hardcore Folklore"
2539,"Silver Kitten"
2540,"In Front"
2541,"Coilean Bawn"
2542,"Begonia"
2543,"Ava Malone"
2544,"Kitana"
2545,"Touch Me Not"
2546,"Mo Maverick"
2547,"Call Me Harry"
2548,"Discretionary Marq"
2549,"Secret Rules"
2550,"Always Misbehaving"
2551,"Extreme Force"
2552,"Pine Knoll"
2553,"Menelik"
2554,"Tangled Web"
2555,"Vici"
2556,"Dubini"
2557,"Jammer"
2558,"Performer"
2559,"En Wye Cee"
2560,"Carlos L."
2561,"Mubarmaj"
2562,"Air Attack"
2563,"Si Que Es Buena (ARG)"
2564,"My Sister Nat (FR)"
2565,"Decorating"
2566,"Pivotal Connection (GB)"
2567,"Lift Up"
2568,"Entropia (ARG)"
2569,"More Fun Again"
2570,"Talent Scout"
2571,"Magical Romance"
2572,"Waynes Footsteps"
2573,"Like What I See"
2574,"Chestertown"
2575,"Dawn's Early Light"
2576,"Rousey"
2577,"Baffin Bay"
2578,"Antoinette"
2579,"I Dare U"
2580,"Stretchthestory"
2581,"More Glitter"
2582,"Logic N Reason"
2583,"Mutakaamil"
2584,"Perceived"
2585,"Fast Break"
2586,"Superfan"
2587,"San Juan Diego"
2588,"Whichwaytomalibu"
2589,"Dangerous Edge"
2590,"Future Book"
2591,"Superego"
2592,"Montauk Memories"
2593,"Our Papa G"
2594,"Chiricahua"
2595,"Derby Day Zip"
2596,"Kerry Boy"
2597,"Convict"
2598,"More Graytful"
2599,"Advanced Strategy"
2600,"Brewman"
2601,"Tiz Kaz Now"
2602,"Bronze Lion"
2603,"Mr. Tag"
2604,"Graycapade"
2605,"Beauty Buzz"
2606,"Lovely Lucky"
2607,"Our Ticket"
2608,"Lots to Like"
2609,"Southern Bridge"
2610,"Medellin"
2611,"Girl's Wave"
2612,"Ladycliff"
2613,"Pippi"
2614,"Graetz"
2615,"Kaz's Kitten"
2616,"Bean Indiscreet"
2617,"My Chesa Charm"
2618,"Speed Talks"
2619,"Eye'm Gone"
2620,"Seven Lilies"
2621,"Harv Won't Tap"
2622,"Barnacle Bill"
2623,"Sweet Meadow Mist"
2624,"Gilda Marie"
2625,"Eye's On You"
2626,"Ella's Song"
2627,"Sadie Lady"
2628,"Pixelate"
2629,"Homeland"
2630,"City Man"
2631,"Ashraq"
2632,"Miss Ross"
2633,"Aris Gal Suz"
2634,"Sisterwilliamagnes"
2635,"Cost Basis"
2636,"Modernist"
2637,"Liam's Fire"
2638,"First Degree"
2639,"Dack Janiel's"
2640,"Sorrentina Lemon"
2641,"Atomic Blonde"
2642,"Panther Hit"
2643,"Shelter Island (FR)"
2644,"Winning Drive"
2645,"Rocky Policy"
2646,"Rose Flower (GER)"
2647,"Fire Key"
2648,"Broadway Run"
2649,"Mentality"
2650,"Boos (FR)"
2651,"Moon Over Miami"
2652,"Farmington Road"
2653,"Default Rate"
2654,"Or'effice"
2655,"Feeling Dangerous"
2656,"Spiced Perfection"
2657,"Needs Supervision"
2658,"Quixotic"
2659,"Ego Man"
2660,"The Angry Man"
2661,"King Khozan"
2662,"Matty's Marauder"
2663,"Two Point Oh"
2664,"Villainous"
2665,"Astronaut"
2666,"Bad Beat Brian"
2667,"Blame Debbie"
2668,"Critical Value"
2669,"Alandra"
2670,"Glass Ceiling"
2671,"Daphne Moon"
2672,"Jara"
2673,"Miss Marissa"
2674,"Shotski"
2675,"Ajaaweed"
2676,"Informative"
2677,"Prince James"
2678,"Alpha Sixty Six"
2679,"Cleon Jones"
2680,"Forza Di Oro"
2681,"Amends"
2682,"Maximum Security"
2683,"True Timber"
2684,"Looking At Bikinis"
2685,"Whitmore"
2686,"Pat On the Back"
2687,"Tale of Silence"
2688,"Truth Hurts"
2689,"Vigilantes Way"
2690,"Please"
2691,"Fun Prospect"
2692,"Myamanoi"
2693,"Distorted Sky"
2694,"Glynn County"
2695,"Our Circle of Love"
2696,"Angel At War"
2697,"Makingcents"
2698,"Dancing Kiki"
2699,"Bella Domenica"
2700,"Havin' a Party"
2701,"Irena N Ella"
2702,"Ivory Not White"
2703,"Fortune's Fool"
2704,"Onthewaytonevrland (IRE)"
2705,"Sonny Inspired"
2706,"Bridlewood Cat"
2707,"Carrizo"
2708,"It Justhitthe Wire"
2709,"Lifetime Memory"
2710,"Control Group"
2711,"Wonderful Light"
2712,"Recruiting Ready"
2713,"Strike Power"
2714,"War Goddess"
2715,"Micro Margarita"
2716,"Rebel Empress"
2717,"My Sweet Kat"
2718,"American Values"
2719,"Irish Roar (IRE)"
2720,"Sneakiness"
2721,"Oh Danny Bear"
2722,"Etana"
2723,"Make Or Break"
2724,"A J Rock"
2725,"Super Dude"
2726,"Illudere"
2727,"Crypto Gold"
2728,"Narcissistic"
2729,"Freddymo Factor"
2730,"Petalite"
2731,"Lucky Six"
2732,"Camorra"
2733,"Flaming June"
2734,"Sassy Secret"
2735,"Moon Heist"
2736,"Hot Diggitty"
2737,"Flash Drive"
2738,"Rejected Again"
2739,"Sixteen Tons"
2740,"Big's Gray Day"
2741,"Tony Small"
2742,"Informed Consent"
2743,"Afleet Mickey"
2744,"Compensate"
2745,"Cruise and Danze"
2746,"Wedontbelieveher"
2747,"Persian Queen"
2748,"Love That Jazz"
2749,"Ekati Wildcat"
2750,"Winning Withhonour"
2751,"Nuclear Code"
2752,"Moneymeister"
2753,"Floyd Unger"
2754,"Brush Country"
2755,"Outstanding Debt"
2756,"Traveling"
2757,"Captain Bombastic"
2758,"Colormepazzi"
2759,"Kierkegaard"
2760,"Hold My Call"
2761,"Unrelenting Force"
2762,"Saratoga Pal"
2763,"Kilmarknock"
2764,"Concrete Jungle"
2765,"Varangian"
2766,"Odin's Honor"
2767,"Royal Flag"
2768,"Candy Money"
2769,"Grito de Pablito"
2770,"Bay Burner"
2771,"Overbold"
2772,"Supreme Aura"
2773,"Harpers First Ride"
2774,"Bank Sting"
2775,"Sure Stitch"
2776,"Classy Sadie"
2777,"Principal Dancer"
2778,"Gratto Swing"
2779,"La Rubia"
2780,"Nellie's Cat"
2781,"Filly Ride"
2782,"Wicked Kheisha"
2783,"Idaka"
2784,"Scoregirlscore"
2785,"Freaky Styley"
2786,"Moonlight Now"
2787,"Go With Honor"
2788,"Ancient Brown"
2789,"Nicky Scissors"
2790,"Sharp Starr"
2791,"Goosarella"
2792,"Kilkea"
2793,"Curlin Road"
2794,"True Gold"
2795,"Bank On This"
2796,"Adventist"
2797,"Han Sense"
2798,"Major Cabbie"
2799,"Becky's Mission"
2800,"Assault and Pepper"
2801,"Maqua Dawn"
2802,"Maybe a Rainbow"
2803,"Hot Little Honey"
2804,"I Am Aine"
2805,"Courageous Girl"
2806,"My My Michelle"
2807,"Topaz Bride"
2808,"Rude Awaking"
2809,"Champagne Lady"
2810,"French Cafe"
2811,"Autostrade"
2812,"Nonsensical"
2813,"Private Beach"
2814,"Take Charge Aubrey"
2815,"Proximity Bias"
2816,"Firenze Fire"
2817,"Beach Front"
2818,"Moonbounce"
2819,"A Bridge too Far"
2820,"Memories Eternal"
2821,"Montauk Traffic"
2822,"Magic Carpet"
2823,"Richmond"
2824,"Nowitna River"
2825,"Scuttlebuzz"
2826,"Impetuous"
2827,"Farragut"
2828,"Box of Rain"
2829,"Cause"
2830,"Disco's Bridge"
2831,"His Name Is Sue"
2832,"Runforthemunnings"
2833,"Saratoga Giro"
2834,"Puttheglassdown"
2835,"Bustin to Please"
2836,"Time Warp"
2837,"Firenze Freedom"
2838,"Sneaky Surprise"
2839,"Pave It"
2840,"Brunate"
2841,"Spectre Bond"
2842,"Lucky Move"
2843,"Lightning Rob"
2844,"Yah Huh"
2845,"Wild Boar"
2846,"Dutchmen Forever"
2847,"Tiz Epic"
2848,"Kampai"
2849,"High Amplitude"
2850,"Fast Master"
2851,"One Eyed Jack"
2852,"Faze"
2853,"Judgement Free"
2854,"Pachamama"
2855,"Dugout"
2856,"Broadway Angel"
2857,"Hard Won"
2858,"Saffron Girl"
2859,"Cowtown"
2860,"Call Me Later"
2861,"Fiat Lux"
2862,"Silver Seeker"
2863,"Patagonia"
2864,"Mathematician"
2865,"Rightdowngentlemen"
2866,"Vortex Road"
2867,"Love That Goose"
2868,"She's Primo"
2869,"Safta"
2870,"Midnight Party"
2871,"Mizzen Max"
2872,"Dr. Shane"
2873,"Riot"
2874,"Papa Zulu"
2875,"Value Proposition (GB)"
2876,"Downside Risk"
2877,"Zorbed"
2878,"Therapist"
2879,"Emmaus (IRE)"
2880,"Big Handsome"
2881,"V. I. P. Code"
2882,"Fixed Point"
2883,"Mission Statement"
2884,"Walkoff"
2885,"Bad Sueno"
2886,"Indigestion"
2887,"Argonne"
2888,"Hierarchy"
2889,"Financial System"
2890,"All Go"
2891,"Dance for Oro"
2892,"Lovely La La"
2893,"Broken Border"
2894,"Tudox Lifting Off"
2895,"Presto"
2896,"Meet Me in L A"
2897,"Fullness of Time"
2898,"Righteousness"
2899,"Fear No Evil"
2900,"Mrs. Ramona G."
2901,"Misericordia (GB)"
2902,"Aurelia Garland"
2903,"Talk You Out of It"
2904,"Sweet Melania"
2905,"Onyx"
2906,"Liza"
2907,"Megacity"
2908,"Foolish Humor"
2909,"Pushover"
2910,"Key Biscayne"
2911,"Seayouathebreakers"
2912,"Retro Street"
2913,"Hand Rail"
2914,"Surge Pricing"
2915,"Block and Plank"
2916,"Running On Entry"
2917,"Triumphant"
2918,"Glam"
2919,"Sundrenched"
2920,"Tiz R Bella"
2921,"Ocean Monarch"
2922,"Cousin Pete"
2923,"Traci's Girl"
2924,"Honorable Profit"
2925,"Schwarbertown"
2926,"Curlin the Giant"
2927,"Aboutthebenjamins"
2928,"Mo Soul"
2929,"Giant Trick"
2930,"Dannie's Deceiver"
2931,"Santa Monica (GB)"
2932,"Semper Sententiae"
2933,"Giant Zinger"
2934,"Vexatious"
2935,"Dating Game"
2936,"Sparticle"
2937,"Patriot Drive"
2938,"River of Dreams"
2939,"Zinger"
2940,"Four Forty Strand"
2941,"Olympico (FR)"
2942,"Cullum Road"
2943,"Channel Cat"
2944,"Robert Bruce (CHI)"
2945,"Doctor Mounty"
2946,"Arrocha (BRZ)"
2947,"Realm"
2948,"Prince Lucky"
2949,"Bandua"
2950,"Nova Girl"
2951,"Cassies Dreamer"
2952,"Zee Drop"
2953,"Vampish"
2954,"Pacific Wind"
2955,"White Mischief"
2956,"Hunting Season"
2957,"Effiemeister"
2958,"Lion in Wait"
2959,"Orbolution"
2960,"Miss Munnings"
2961,"Romantic Moment"
2962,"American Song"
2963,"Militiaman"
2964,"Bad Boy"
2965,"No Mans Land"
2966,"Playful Cat"
2967,"Collins Ave"
2968,"Treatherlikestar"
2969,"Kulik Bear"
2970,"Sayyaaf"
2971,"Real Money"
2972,"Taamer"
2973,"Marconi"
2974,"Rocketry"
2975,"Lila Ruth"
2976,"Reata's Reward"
2977,"Goldmakesmesmile"
2978,"Tabor Fleet"
2979,"Unblemished"
2980,"Stand and Salute"
2981,"Poppy Joe Rocks"
2982,"Sky of Hook"
2983,"Theitalianamerican"
2984,"Justin Vision"
2985,"Bella Via Mi Amor"
2986,"Slamin Sami Brown"
2987,"Alphabetting"
2988,"Firery Tale"
2989,"Bernin' Thru Gold"
2990,"Heavenhasmynikki"
2991,"Separationofpowers"
2992,"Principled"
2993,"Majority Rules"
2994,"Muchacho"
2995,"Enthusiastic Gal"
2996,"Global Campaign"
2997,"Intrepid Heart"
2998,"Federal Case"
2999,"Calamity Kat"
3000,"Whiskey Is My Wine"
3001,"Ummu Ummu Ummu"
3002,"Calling Cairo"
3003,"Homerique"
3004,"Competitionofideas"
3005,"Binti Al Nar (GER)"
3006,"Varenka"
3007,"Structural Deficit"
3008,"Mrs. Got Rocks"
3009,"San Saria (IRE)"
3010,"Funny Flowers"
3011,"Tip At Tapit"
3012,"Elite Mom"
3013,"Saffira"
3014,"Killybegs Captain"
3015,"Channel Maker"
3016,"Arklow"
3017,"Magic Wand (IRE)"
3018,"Hunting Horn (IRE)"
3019,"Epical"
3020,"Focus Group"
3021,"Zulu Alpha"
3022,"Village King (ARG)"
3023,"Kulin Rock"
3024,"Dove Shoot"
3025,"Jemography"
3026,"Ginger and Jingle"
3027,"Slimey"
3028,"Athwaaq"
3029,"Lion Dance"
3030,"Montatham"
3031,"Wendell Fong"
3032,"Releasethethunder"
3033,"Sombeyay"
3034,"Daddy Knows"
3035,"Playful Hunter"
3036,"Happy Sophia"
3037,"La Vida"
3038,"Estill"
3039,"Athary (IRE)"
3040,"Passion Flower"
3041,"Social Currency (KOR)"
3042,"Elfitz"
3043,"Noble Thought"
3044,"Bird's Eye View"
3045,"The Green Mo'ster"
3046,"Sarrasin (GB)"
3047,"Romping Rosie"
3048,"Carom"
3049,"Teachable Moment"
3050,"Honor System"
3051,"Spindletop"
3052,"B. B. Dude"
3053,"Solarte"
3054,"Mango M"
3055,"New Jersey John"
3056,"Giuseppe the Great"
3057,"Be Gone Daddy"
3058,"Fear"
3059,"Alien Season"
3060,"Neverland Rock (GB)"
3061,"Awesome Mystery"
3062,"Global Exchange"
3063,"Say the Word"
3064,"Dundalk"
3065,"Lunaire"
3066,"Remstin"
3067,"Danielle's Pride"
3068,"Ascender"
3069,"Game Break"
3070,"Sue's Fortune"
3071,"Seek and Destroy"
3072,"Stillwater Cove"
3073,"Missmizz"
3074,"Entirely"
3075,"Semper Paratus"
3076,"Bunyan's Axe"
3077,"The Last Zip"
3078,"Value Engineering"
3079,"Exult"
3080,"Geography"
3081,"Scottish Jig"
3082,"Ferdinanda"
3083,"Osare"
3084,"Jaylan"
3085,"Niko's Dream"
3086,"Honorable Rose"
3087,"Crescent Lady"
3088,"Barton Hall"
3089,"Rossellini"
3090,"Mr Maybe"
3091,"Golden Spear"
3092,"Indebted"
3093,"Bingwa"
3094,"Sinwaan"
3095,"Cache"
3096,"Chamber"
3097,"Katook"
3098,"Kiawah Sunset"
3099,"Morality Clause"
3100,"Main Squeeze"
3101,"Forbidden Frolic"
3102,"Adhafera"
3103,"Hoboe"
3104,"Il Primo Sole (GB)"
3105,"Zipman"
3106,"Grassetto"
3107,"Into the Breach"
3108,"Belgrano"
3109,"Zap Daddy"
3110,"Dyna Passer"
3111,"Another Day of Sun"
3112,"To a Friend"
3113,"Tenure"
3114,"Driver Dan"
3115,"Midnight Act"
3116,"Stock Trade"
3117,"Oleksandra (AUS)"
3118,"Really Proud"
3119,"Miss Marcela"
3120,"Jaded Lady"
3121,"Malakeh (GB)"
3122,"So Charming"
3123,"Salsa Bella (FR)"
3124,"Goodbye Brockley"
3125,"Kris d'Oro"
3126,"No Nay Maybe (IRE)"
3127,"Now Is"
3128,"Apollo's Abraxas"
3129,"Lucky E"
3130,"Vroom Vroom Vrio"
3131,"Giant Boo Boo"
3132,"Sayhellotomylilfrn"
3133,"Brooke Marie"
3134,"Chelsea Cloisters"
3135,"Stellar Agent"
3136,"Moravia (GB)"
3137,"Fight Night"
3138,"Blitchton Lady"
3139,"Ratajkowski"
3140,"Tossup"
3141,"Aggravation"
3142,"Pole Setter"
3143,"Strike Silver"
3144,"Uncapped"
3145,"Fog of War"
3146,"Ian Glass"
3147,"Mai Ty One On"
3148,"Final Frontier"
3149,"Pagliacci"
3150,"Battle Station"
3151,"Commute"
3152,"Blue Jean Kitten"
3153,"Miss Rombauer"
3154,"Matcha"
3155,"Ghosting"
3156,"Discreet Image"
3157,"Ladrona"
3158,"The Nine O"
3159,"Peaceful Feeling"
3160,"Architect"
3161,"Mamma Dee"
3162,"Zulu"
3163,"Cyber Currency"
3164,"Lost in Manhattan"
3165,"Market Bubble"
3166,"More Mischief"
3167,"Dooder"
3168,"Veterans Beach"
3169,"Not So Quiet Man"
3170,"Tiffanys Freud"
3171,"Sparky"
3172,"Munchkin Money"
3173,"Lady Joan"
3174,"Daddysneverready"
3175,"Still There"
3176,"Indy's Lady"
3177,"Gucci Factor"
3178,"Offering Plan"
3179,"Frosted Ice"
3180,"Giant Expectations"
3181,"Causforcelebration"
3182,"No Worries Mate"
3183,"Blood Red Sky"
3184,"Soxy Ruby"
3185,"Dunbar Road"
3186,"Cap de Creus"
3187,"My Italian Rabbi"
3188,"Love Me Tomorrow"
3189,"Tote Board"
3190,"Razeena"
3191,"Cairo Cutie"
3192,"Hightailing"
3193,"Smokin Platinum"
3194,"Steam Engine"
3195,"Papa King"
3196,"Bull of Bayern"
3197,"Our Destiny"
3198,"Yes and Yes"
3199,"Ask Contrition"
3200,"Catorat"
3201,"Readyforprimetime"
3202,"Whiskey Victor"
3203,"Cafe Americano"
3204,"Repatriated Gem (GB)"
3205,"Pep"
3206,"Ekhtibaar"
3207,"Scatoga"
3208,"Highest Honors"
3209,"Isabelle's Joy"
3210,"Bellamy Knows"
3211,"Demarchelier (GB)"
3212,"Seismic Wave"
3213,"Social Paranoia"
3214,"Henley's Joy"
3215,"Magnificent McCool"
3216,"Mama Mary"
3217,"Something Joyful"
3218,"Andarta"
3219,"Moyne Spun"
3220,"Wicked Waters"
3221,"Mighty Manfred"
3222,"Avocado Toast"
3223,"Channel Island"
3224,"A I Initiative"
3225,"Dispatcher"
3226,"Wacky Pal"
3227,"Pillar Mountain (IRE)"
3228,"He's No Lemon"
3229,"Cambier Parc"
3230,"Newspaperofrecord (IRE)"
3231,"Kelsey's Cross"
3232,"Chocolate Kisses"
3233,"Stifle Yourself"
3234,"My Happy Place"
3235,"Trial and Error"
3236,"Liza Jambalaya"
3237,"China Cat"
3238,"Catch a Bid"
3239,"Queen Medb (IRE)"
3240,"Skep"
3241,"Madame Orbe"
3242,"Ygritte"
3243,"Rowayton"
3244,"Hersh"
3245,"Topper T"
3246,"Maryanorginger"
3247,"Perfect Alibi"
3248,"Reiterate"
3249,"Punk Rock Princess"
3250,"Twirling Owen"
3251,"Ms Headley"
3252,"Significant Form"
3253,"Stella di Camelot (IRE)"
3254,"Zonza (FR)"
3255,"Raven's Lady (GB)"
3256,"Rinaldi"
3257,"Blue Parrot"
3258,"Ahead of Plan"
3259,"Per Capita"
3260,"Just for One Day"
3261,"Swick"
3262,"Four Ten"
3263,"Noble Jewel"
3264,"Lead Guitar"
3265,"Valencia Vale"
3266,"Valid Point"
3267,"Shootin the Breeze"
3268,"Oggonis"
3269,"Empire Line"
3270,"Chalon"
3271,"Spring in the Wind"
3272,"Mybigitalianfriend"
3273,"Annals of Time"
3274,"Zapperini"
3275,"Fore Left"
3276,"Rookie Salsa"
3277,"Federale"
3278,"Memorable"
3279,"Dixie Mo"
3280,"Catalina Cruiser"
3281,"Holy Helena"
3282,"Amade (IRE)"
3283,"Highland Sky"
3284,"Canessar (FR)"
3285,"Raa Atoll (GB)"
3286,"Mootasadir (GB)"
3287,"Derby Day Jewel"
3288,"Sea Mast"
3289,"Uncle Artie"
3290,"Better Tapit"
3291,"Tolaga Bay"
3292,"Creative Genius"
3293,"The Mormon Mauler"
3294,"Alwaysmining"
3295,"Still Dreaming"
3296,"Rushing Fall"
3297,"Beau Recall (IRE)"
3298,"Daddy Is a Legend"
3299,"Bellavais"
3300,"Environs (GB)"
3301,"Capla Temptress (IRE)"
3302,"Midnight Bisou"
3303,"Mopotism"
3304,"Escape Clause"
3305,"Om"
3306,"Disco Partner"
3307,"Belvoir Bay (GB)"
3308,"Diamond Oops"
3309,"Wild Shot"
3310,"Guarana"
3311,"Serengeti Empress"
3312,"Ce Ce"
3313,"Queen of Beas"
3314,"Bell's the One"
3315,"Cookie Dough"
3316,"Fancy Dress Party"
3317,"Hog Creek Hustle"
3318,"Nitrous"
3319,"Borracho"
3320,"Honest Mischief"
3321,"Landeskog"
3322,"Lexitonian"
3323,"Mitole"
3324,"McKinzie"
3325,"Thunder Snow (IRE)"
3326,"Promises Fulfilled"
3327,"Pavel"
3328,"Coal Front"
3329,"Bricks and Mortar"
3330,"Raging Bull (FR)"
3331,"Qurbaan"
3332,"Catcho En Die (ARG)"
3333,"Master Fencer (JPN)"
3334,"Spinoff"
3335,"Everfast"
3336,"War of Will"
3337,"Bourbon War"
3338,"Cheyenne's Colonel"
3339,"Near Gold (GB)"
3340,"Campaign"
3341,"You're to Blame"
3342,"Sonneteer"
3343,"Biblical"
3344,"War Story"
3345,"Danfusi"
3346,"Overlord"
3347,"The Happy Giant"
3348,"Make Motime"
3349,"Break Even"
3350,"Moonlight Romance"
3351,"Tannuzzo"
3352,"Will's Bay"
3353,"Maniacal"
3354,"Bold Daddy"
3355,"Somekindofmagician"
3356,"News Anchor"
3357,"Yowza Yowza Yowza"
3358,"No Bang No Boom (IRE)"
3359,"Joyful Heart"
3360,"Ellas Ghost"
3361,"Machine Learning"
3362,"Revenio"
3363,"Kiss the Girl"
3364,"Positive Power"
3365,"Battle of Blenheim"
3366,"Stormy Justin"
3367,"Fed Fever"
3368,"Galadriel's Light"
3369,"Raphael"
3370,"Belle of the Spa"
3371,"No Fly Zone"
3372,"Tax Me Naught"
3373,"Style Icon"
3374,"Passive Investing"
3375,"Charreada"
3376,"Sophia Rei"
3377,"Sharpin"
3378,"Exchequer"
3379,"English Soul"
3380,"Bath And Tennis (IRE)"
3381,"Tapping Pearl"
3382,"Plimsoll Anny"
3383,"Storm Rider"
3384,"Took Charge"
3385,"Yankee Empire"
3386,"Violator"
3387,"Doswell"
3388,"Noble Spirit"
3389,"Pollara (IRE)"
3390,"Layla Noor"
3391,"Y'allcomenow"
3392,"Highway Flyer"
3393,"Forever Changed"
3394,"Crashing Connie"
3395,"War Treaty"
3396,"Citizen Matzo"
3397,"Opry"
3398,"Extrordinary Jerry"
3399,"Morrison"
3400,"Prognostication"
3401,"Dakota's Dude"
3402,"Sheikha Mo"
3403,"Hottie Stiletto"
3404,"Botswana"
3405,"Sentry"
3406,"Winter Union"
3407,"Claddagh's Run"
3408,"Art Thief"
3409,"General June"
3410,"Seeking Revenge"
3411,"City Fun"
3412,"Lenstar"
3413,"Hembree"
3414,"Krampus"
3415,"Clyde's Image"
3416,"Master Merion"
3417,"Ticonderoga"
3418,"Breaking the Rules"
3419,"The Confidante"
3420,"Ed's Pet"
3421,"Burkey's Bro"
3422,"Bid You Adieu"
3423,"Filly Dilly"
3424,"Tee Up"
3425,"The Paper Wazoo"
3426,"Ray'swarrior"
3427,"Mercy Mercy"
3428,"American Tattoo (ARG)"
3429,"City Traveler"
3430,"E Warfare"
3431,"Azrael"
3432,"Sagaponack"
3433,"Golden Tapit"
3434,"Secure Connection"
3435,"Blame It On Mom"
3436,"Our Craftys Legacy"
3437,"J J's Dreaming"
3438,"Cucina"
3439,"Hai Bobbi"
3440,"Kuduro"
3441,"Doc Boy"
3442,"It's Kite Pazible"
3443,"Fortin Hill"
3444,"Tuggle"
3445,"Chimney Rock"
3446,"Kokokomo"
3447,"Cloudbased"
3448,"Everybody Loves Me"
3449,"Odie"
3450,"Make Munny Moves"
3451,"Muntahez"
3452,"Mighty Scarlett"
3453,"Fierce Lady"
3454,"Munnings Muse"
3455,"E Z for You to Say"
3456,"Kings Big Road"
3457,"Dustinthewind"
3458,"Mo Gee"
3459,"Nicki de Nephew"
3460,"Saratoga Colonel"
3461,"Golani Brigade"
3462,"Risp"
3463,"Betsy's Beau"
3464,"Sun Summers"
3465,"Clockstrikestwelve"
3466,"Tizaprincessa"
3467,"Nova Sol (GER)"
3468,"Keep the Light On"
3469,"Fancycase"
3470,"Funnypointofview"
3471,"Strongerthanuknow"
3472,"Barkaa (FR)"
3473,"Xenobia (IRE)"
3474,"Souper Striking"
3475,"Inspeightof"
3476,"Able to Smile"
3477,"Paint It Green"
3478,"Put Up R Shut Up"
3479,"Parton"
3480,"Listentoyourheart"
3481,"Double Shot"
3482,"Khali River"
3483,"Endorsed"
3484,"Admiral Lynch"
3485,"Magical Tale"
3486,"Cat Lady Steph"
3487,"Graded On a Curve"
3488,"Mutakatif (IRE)"
3489,"Colonel Tom"
3490,"On a Spree"
3491,"Assault Breaker"
3492,"Angels and Us"
3493,"Fallinginloveagain"
3494,"Zarmella (FR)"
3495,"Fire On Fire"
3496,"Scout's Honor"
3497,"Canarsie Kid"
3498,"Brittas Bay"
3499,"Nay Lady Nay (IRE)"
3500,"Simply Miss Red"
3501,"Silver Shield"
3502,"Determined Force"
3503,"Enlisting"
3504,"Anne Dupree"
3505,"Tibr"
3506,"J's Warrior"
3507,"Gleason"
3508,"Mystic Times"
3509,"Noble Lion"
3510,"French Revolution"
3511,"Holmdel"
3512,"Uni (GB)"
3513,"Wings of Dawn"
3514,"Catsoutofthebag"
3515,"Painted Image"
3516,"Dearly Declared"
3517,"Embur's Zip"
3518,"Livin At the Beach"
3519,"Fancy Persuasion"
3520,"Quarky"
3521,"Cardiac Kitten"
3522,"Felix the Fox"
3523,"Third Edition"
3524,"Pure Praise"
3525,"Dangerous Woman"
3526,"Brexit Revenge"
3527,"Miss Peppina"
3528,"Avuncular"
3529,"Palace Avenger"
3530,"Critical Decision"
3531,"Our Dixie Blue"
3532,"Beautiful Amaila"
3533,"Paterson"
3534,"Senor Jobim"
3535,"Lucullan"
3536,"Force the Pass"
3537,"Heyitsnricopalazo"
3538,"Corot"
3539,"Power Player"
3540,"Asdaaf"
3541,"Untamed Domain"
3542,"Green Light Go"
3543,"Another Miracle"
3544,"Dr Post"
3545,"Ask Siri"
3546,"National Honor"
3547,"Win Win Win"
3548,"Casa Creed"
3549,"Gentleman Joe"
3550,"Love and Luck"
3551,"Alasaayil"
3552,"Cottonwood Falls"
3553,"No Mo Promises"
3554,"Bacchanalia"
3555,"Giulia Ammannati"
3556,"Royal Charlotte"
3557,"Peruvian Appeal"
3558,"Brill"
3559,"Report to the Rail"
3560,"Royalbonnielegacy"
3561,"Millies Party Boy"
3562,"Herecomesthejudge"
3563,"Kreah's Ribbon"
3564,"Time for Trouble"
3565,"Silver Prospector"
3566,"Invader"
3567,"Percentage"
3568,"City Guy"
3569,"Code of Honor"
3570,"Mihos"
3571,"Whiskey Echo"
3572,"Concrete Rose"
3573,"Just Wonderful"
3574,"Jodie (JPN)"
3575,"Coral Beach (IRE)"
3576,"Olendon (FR)"
3577,"Warrior's Club"
3578,"New York Central"
3579,"Rockemperor (IRE)"
3580,"Digital Age (IRE)"
3581,"Plus Que Parfait"
3582,"Cape of Good Hope (IRE)"
3583,"Moon Colony"
3584,"English Bee"
3585,"Blenheim Palace (IRE)"
3586,"Catholic Boy"
3587,"Cordmaker"
3588,"Carlino"
3589,"Lone Sailor"
3590,"Wooderson"
3591,"Mead Hall"
3592,"Ledecka"
3593,"Downstream"
3594,"Skyhawk"
3595,"Windward Sands"
3596,"Aveenu Malcainu"
3597,"Robey's Boy"
3598,"Backyard Heaven"
3599,"La Chancla"
3600,"Bossy Bride"
3601,"Mimi and Charley"
3602,"Masterkey"
3603,"Good Credence"
3604,"Never Heard of Her"
3605,"Mosienko"
3606,"Tales I Winit"
3607,"Nettleton"
3608,"Verrazano First"
3609,"Imperial Moment"
3610,"Goose"
3611,"Turf War"
3612,"Peaceful"
3613,"Saint Moon"
3614,"Dancing Vega (IRE)"
3615,"Comedy (IRE)"
3616,"Ice Princess"
3617,"Beans N Rice"
3618,"Storm Advisory"
3619,"La Hara (IRE)"
3620,"Unprecedented"
3621,"Sagamore Mischief"
3622,"Democratic Values"
3623,"Prince of Caps"
3624,"Odramark"
3625,"Proportionality"
3626,"Edisa"
3627,"Wonderment (IRE)"
3628,"Love So Deep (JPN)"
3629,"Lady Prancealot (IRE)"
3630,"Art of Almost"
3631,"Desert Ride"
3632,"Spanish Mission"
3633,"Pedro Cara (FR)"
3634,"San Huberto (IRE)"
3635,"A Thread of Blue"
3636,"Current"
3637,"Tone Broke"
3638,"Fusilli"
3639,"Mo Fun"
3640,"Brilliant Brooks"
3641,"Very Replaceable"
3642,"Drop of Bourbon"
3643,"Lucky Dime"
3644,"Fiftyshays Ofgreen"
3645,"Abilene Trail"
3646,"Striking Beauty"
3647,"Cat's Pajamas"
3648,"Uncle Benny"
3649,"Less Than Perfect"
3650,"Starting Over"
3651,"Brewmeister"
3652,"Ox Bridge"
3653,"Abrupt"
3654,"Gins and Tins"
3655,"Fayette Warrior"
3656,"Fierce Scarlett"
3657,"Chasing the Kitty"
3658,"Ever Changing"
3659,"Marquet Legacy"
3660,"Higher Authority"
3661,"Rohrbacher"
3662,"Artemus Bridge"
3663,"Squan's Kingdom"
3664,"Lezendary"
3665,"Farcical"
3666,"Stunning Beauty"
3667,"Rhinegold"
3668,"Bebeau"
3669,"Burn and Turn"
3670,"Moon Delight"
3671,"Grudge"
3672,"Sophie Rules"
3673,"Madita (GER)"
3674,"Candygramformongo"
3675,"Stone Guitar"
3676,"Imperioso"
3677,"Factorofwon"
3678,"Shiny Copper Penny"
3679,"Discreet Angel"
3680,"Sidd Finch"
3681,"Storm Alfeet"
3682,"Saratoga Beauty"
3683,"Graphite Dutchess"
3684,"Secondary Market"
3685,"Thissmytime"
3686,"Harlem Heights"
3687,"New Day Dawning"
3688,"Octava"
3689,"Gray Haze"
3690,"Indochine"
3691,"Velvet Crush"
3692,"Inveterate"
3693,"Coalition Building"
3694,"Windfall Profit"
3695,"Scape"
3696,"Trash Panda"
3697,"Revelment"
3698,"Connectivity"
3699,"Ideational"
3700,"East (GB)"
3701,"Too Much Drama"
3702,"Tequila Fog"
3703,"Wild North"
3704,"Ama Is a Rock"
3705,"Trinity Girl"
3706,"Manage My Credit"
3707,"Psalmody"
3708,"Curluck"
3709,"Under a Spell"
3710,"Off the Record"
3711,"Moshaher"
3712,"Compliant"
3713,"Shennan (IRE)"
3714,"Cardiff Cay"
3715,"Timepiece"
3716,"Dalarna"
3717,"New York's Finest"
3718,"Snap Decision"
3719,"Arch My Boy (GB)"
3720,"Chief Justice (GB)"
3721,"City Dreamer (IRE)"
3722,"Sportswear (GB)"
3723,"Cracker Factory (GB)"
3724,"Veneer of Charm (IRE)"
3725,"Katama Bay"
3726,"O'Bushido"
3727,"Ninth of April"
3728,"Brucia La Terra"
3729,"Morissette"
3730,"Naked Avenger"
3731,"Irish Danzing"
3732,"Thea's Theme"
3733,"Ilchester Cheetah"
3734,"Get Smokin"
3735,"Fame to Famous"
3736,"Constitutional Pal"
3737,"Like You"
3738,"Nexus"
3739,"It's Pazible"
3740,"Surprising Soul"
3741,"Hinterland (FR)"
3742,"All the Way Jose"
3743,"Winston C (IRE)"
3744,"Scorpiancer (IRE)"
3745,"Redicean (GB)"
3746,"Belisarius (IRE)"
3747,"Moscato (GB)"
3748,"Bedrock (GB)"
3749,"Kazmandude"
3750,"Lady Rosalie (IRE)"
3751,"Andi's Kitten"
3752,"Stiva"
3753,"Alms"
3754,"One Mississippi"
3755,"Boston Beauties (IRE)"
3756,"Myfirstexwife"
3757,"Ellie's Smile"
3758,"Bluegrass Parkway"
3759,"J Beresford Tipton"
3760,"Lady Kaza"
3761,"Ella Brilla"
3762,"Shyza"
3763,"Sweet Leaf"
3764,"Three Jokers"
3765,"Zalia"
3766,"Ebullient"
3767,"Classic Covey"
3768,"C C Rider"
3769,"Comic"
3770,"Bell Court"
3771,"Projected (GB)"
3772,"Monarchs Glen (GB)"
3773,"Noble Emotion"
3774,"Prince of Pharoahs"
3775,"Lorenzen"
3776,"Tiesto"
3777,"U S Delta Force"
3778,"Bourbon Rising"
3779,"Positive Impact"
3780,"Stop Asking"
3781,"Perfect View"
3782,"Sweet Timing"
3783,"Valedictorian"
3784,"Plainsman"
3785,"Louisiana Lady"
3786,"Pioneerof New York"
3787,"Curlin Beauty"
3788,"Minit to Stardom"
3789,"Hidden Facts"
3790,"Erin More"
3791,"First in Command"
3792,"Victorine (FR)"
3793,"Complicit"
3794,"Bramble Queen"
3795,"Allure Fortune"
3796,"Courted"
3797,"Imincomunicado"
3798,"Memories of Peter"
3799,"Violencia"
3800,"Seven X Tippet"
3801,"Curlin's Knight"
3802,"Cobble Hill"
3803,"Rare Gift"
3804,"Princess Fawzia"
3805,"Melisande"
3806,"Gyoza"
3807,"Soulmate"
3808,"Spanish Point"
3809,"Kemba"
3810,"Little Farina"
3811,"Dream'n Demon"
3812,"Oso Negro"
3813,"Dealin' Stelen"
3814,"Bucked Tooth"
3815,"Adriatic Holiday"
3816,"Leading Factor"
3817,"Tizme Bobby McGee"
3818,"Swamp Rat"
3819,"The Big S"
3820,"Imperial Hint"
3821,"Brown Buckeye"
3822,"Princesa Caroline"
3823,"Laughable"
3824,"Boxer Rebellion"
3825,"Our Little Jewel"
3826,"Bramble Berry"
3827,"Cove Bay"
3828,"Leah Chase"
3829,"Mandatory"
3830,"Ethos"
3831,"Beachwalker"
3832,"Wow Cat (CHI)"
3833,"Structor"
3834,"Andesite"
3835,"Our Country"
3836,"No Word"
3837,"No Lime"
3838,"The Gray Blur"
3839,"Olympic Village"
3840,"Going for Gold"
3841,"Border Town"
3842,"Motataabeq"
3843,"Odin's Steed"
3844,"Paynter Fest"
3845,"Tallestofthetall"
3846,"She's So Shea D"
3847,"Bonus Points"
3848,"Selflessly"
3849,"Crystalle"
3850,"Jazzique (IRE)"
3851,"Ava K's Girl"
3852,"Renninas Rose"
3853,"Bongga"
3854,"Tempus"
3855,"Kobe"
3856,"Strong Legacy"
3857,"Frammento"
3858,"Scholar Athlete"
3859,"John Jones"
3860,"Paradise Pride"
3861,"Runaway Star"
3862,"Silky Blue"
3863,"Always Forgiven"
3864,"Aquariva"
3865,"High North"
3866,"Cryptographer"
3867,"My Father's Eyes"
3868,"Pistoleiro"
3869,"Street Trust"
3870,"Gorgeous Charli"
3871,"Katama Moonlight"
3872,"Perpetrate"
3873,"Jade's Dream"
3874,"Destiny's Charge"
3875,"Driftwood"
3876,"Carters Got Sass"
3877,"Pacquiao"
3878,"Here Comes Jackie"
3879,"All Quality"
3880,"Highland Glory"
3881,"Moonlit Fantasy"
3882,"Shekky Shebaz"
3883,"Hawkish"
3884,"Sonneman"
3885,"Neptune's Storm"
3886,"Taos (FR)"
3887,"Ya Primo (CHI)"
3888,"Tiz the Law"
3889,"Big City Bob"
3890,"Gozilla"
3891,"Truculent"
3892,"Don Juan Kitten"
3893,"Sul Moon"
3894,"Voodoo Zip"
3895,"Startup Nation"
3896,"Good Shabbos"
3897,"Yellow Brick Road"
3898,"Four Wheel Drive"
3899,"Tomato Bill"
3900,"Sistercharlie (IRE)"
3901,"Mrs. Sippy"
3902,"Lantiz"
3903,"Wicked Whisper"
3904,"Frank's Rockette"
3905,"Slam Dunk"
3906,"Quality Response"
3907,"Snappy Landing"
3908,"Proschema"
3909,"Subsidiary"
3910,"Elegant Rose"
3911,"Will Take Over"
3912,"Can't Pass It Up"
3913,"Decorated Ace"
3914,"Seaside Dancer"
3915,"Carrier Landing"
3916,"Number One Dillon"
3917,"Goldwood"
3918,"Dynatail"
3919,"Lady Mamba"
3920,"Mominou"
3921,"New and Improved"
3922,"Souper Escape"
3923,"Talabaat"
3924,"My Friend Frank"
3925,"Love My Honey"
3926,"Paret (AUS)"
3927,"Manitoulin"
3928,"Perfect Kind"
3929,"Temperance"
3930,"Baci"
3931,"Leeway"
3932,"Bellsinthewood (IRE)"
3933,"Delete the Tweet"
3934,"Solo Artist"
3935,"Wajeeha"
3936,"Game Boy Benny"
3937,"Empirically"
3938,"Championship Alley"
3939,"Imperial Might"
3940,"Queen Nekia"
3941,"Al Shamkhah"
3942,"Bad Dude"
3943,"Kahramani"
3944,"Broken English"
3945,"Seductive (IRE)"
3946,"Don't Tell Flora"
3947,"Knight Train"
3948,"Data Analytics"
3949,"Held Accountable"
3950,"Forever Poe"
3951,"Gunman"
3952,"Count Down"
3953,"Vitesse"
3954,"Stella B."
3955,"Edict"
3956,"Summer Fortune"
3957,"Barista Vixen"
3958,"Undine"
3959,"Bells of War"
3960,"Princess Pao"
3961,"Simply Breathless (GB)"
3962,"Candy Store (IRE)"
3963,"Pepper Sprout"
3964,"Speightstown Gal"
3965,"Bellavia"
3966,"Life On Top"
3967,"Price Target"
3968,"Jamflowman"
3969,"Hewhomustnotbnamed"
3970,"Firewater Jake"
3971,"Dreamzapper"
3972,"Pythagorean"
3973,"Star Command"
3974,"Trickle In"
3975,"Las Ramblas"
3976,"Noble Enterprise"
3977,"Swayed"
3978,"Karakontie Flyer"
3979,"Evocative"
3980,"One Time Around"
3981,"Ill Will"
3982,"Candy Flower"
3983,"Bound for Nowhere"
3984,"Made You Look"
3985,"Sand Dancer"
3986,"Axtell"
3987,"Brother Brad"
3988,"Will Sing for Wine"
3989,"Onthewingsoflou"
3990,"Bricco"
3991,"Beg to Differ"
3992,"Box N Score"
3993,"Stare Decisis"
3994,"Magic Star"
3995,"Diamond King"
3996,"Buy Land and See"
3997,"Irish Mias"
3998,"Talking"
3999,"Native Dawn"
4000,"Blurred Line"
4001,"Hollywood Handsome"
4002,"Declined"
4003,"Hurricane Jake"
4004,"Cain V and D C"
4005,"Growth Engine"
4006,"The Rock Says"
4007,"Verve's Humor"
4008,"Bemma's Boy"
4009,"Wilderness Gate"
4010,"Impazible Donna"
4011,"Ghostghostghost"
4012,"Helen by Night"
4013,"Comical"
4014,"Shippy"
4015,"Buxom Beast"
4016,"Integral"
4017,"Lula's Roadrunner"
4018,"His Glory"
4019,"Listing"
4020,"Abyssinian"
4021,"Fully Loaded"
4022,"Dottie's Spirit"
4023,"Derby Memories"
4024,"Arguto"
4025,"Overland"
4026,"Dazzling Okie"
4027,"Soul P Say"
4028,"Lotta Ott"
4029,"Bird Tycoon"
4030,"Drop a Hint"
4031,"Mylastfirstkiss"
4032,"Saloon Girl"
4033,"Mr Havercamp"
4034,"March to the Arch"
4035,"First Premio"
4036,"Accabonac Harbor"
4037,"Warm"
4038,"Nosey Josy"
4039,"By Your Side"
4040,"Raging Whiskey"
4041,"Zyramid"
4042,"Kickin' Kirby"
4043,"Peddlers Pride"
4044,"High Tide"
4045,"Hometown Pride"
4046,"Vaya Con Dios"
4047,"Irked"
4048,"Pharoah Cat"
4049,"Originator"
4050,"Catch a Thrill"
4051,"Paper Clip"
4052,"Field Pass"
4053,"Decorated Invader"
4054,"Mr Jaggers"
4055,"Enforceable"
4056,"Cardiac Kid"
4057,"Mr Everything"
4058,"Bozzini"
4059,"First Wave"
4060,"Prosperity"
4061,"Secret Message"
4062,"Mitchell Road"
4063,"Ruler of the Nile"
4064,"El Asesino"
4065,"Where Paradise Lay"
4066,"Market King"
4067,"Uber Kirk"
4068,"Derby Champagne"
4069,"Coltrane"
4070,"Themanbehindtheman"
4071,"Basha"
4072,"Gray Sky"
4073,"Morning Gold"
4074,"Lucky Jingle"
4075,"Pearlescent"
4076,"Foreign Exchange"
4077,"Sign of the Times"
4078,"Keeping the Peace"
4079,"Passcode"
4080,"Hot Mesa"
4081,"Unlikely"
4082,"Blame the Cake"
4083,"South Africa"
4084,"No Salt"
4085,"Free to Fly"
4086,"Comic Kitten"
4087,"Belle Laura"
4088,"Bohemian Bourbon"
4089,"Midnight Fantasy"
4090,"Lyrical Lady"
4091,"Star of the West"
4092,"Torres Del Paine"
4093,"Pete's Play Call"
4094,"Hijacker"
4095,"Just Fly"
4096,"Ain't None Lucky"
4097,"Project Whiskey"
4098,"Double Down Dare"
4099,"Devils Rendezvous"
4100,"Raggedy Annie"
4101,"Gabi's Tuff"
4102,"Lune Lake"
4103,"Panforte Di Siena"
4104,"Special Relativity"
4105,"Talk Veuve to Me"
4106,"Skamania"
4107,"Darken a Day"
4108,"Light in the Sky"
4109,"Golden Tiger"
4110,"After You"
4111,"January Won"
4112,"Beyond Gone"
4113,"Jewel of Arabia"
4114,"Trinity (FR)"
4115,"Barleewon"
4116,"Girlfriend Rocket"
4117,"Sara Sea"
4118,"Kid Lemuel"
4119,"King Ottokar"
4120,"Uncle Bull"
4121,"Hofburg"
4122,"Flowers for Lisa"
4123,"Bolita Boyz"
4124,"Finite"
4125,"Mrs. Danvers"
4126,"Larry's Baby"
4127,"Tactical Pursuit (IRE)"
4128,"Clear for Action"
4129,"He Iz Gone"
4130,"Cape Angel"
4131,"Midnight Tea Time"
4132,"Neepawa"
4133,"He Hate Me"
4134,"Engage"
4135,"Speightsford"
4136,"Honorable Treasure"
4137,"Regal Glory"
4138,"Dogtag"
4139,"Claytnthelionheart"
4140,"Goose Drank Wine"
4141,"Known But to God"
4142,"Cite"
4143,"Repeat Repeat"
4144,"Gaye Breeze (IRE)"
4145,"Zeppelin Ride"
4146,"Markhan"
4147,"Whitman's Poetry"
4148,"Blue Gem"
4149,"Heirloom Kitten"
4150,"Point of Honor"
4151,"Champagne Anyone"
4152,"Boxwood"
4153,"Scars Are Cool"
4154,"Fireball Shot"
4155,"Ranger Up"
4156,"Chestnut Street"
4157,"Art Buff"
4158,"Kinky Sox"
4159,"Sequin"
4160,"Sharing"
4161,"Queen of Shades"
4162,"Giggle Factory"
4163,"Mom's Pass"
4164,"Meritaten"
4165,"Miss My Macho"
4166,"Basin"
4167,"Lucky Curlin"
4168,"Mr Thrifty"
4169,"Eagles Palace"
4170,"American Butterfly"
4171,"Excession"
4172,"He's Super Lucky"
4173,"Penalty"
4174,"Saintly Samurai"
4175,"Own Agenda"
4176,"Restoring Hope"
4177,"Morticia"
4178,"Miss Gossip (IRE)"
4179,"She's a Julie"
4180,"Help From Heaven"
4181,"Lord Justice (IRE)"
4182,"Storm Team"
4183,"Boss Man"
4184,"Elucidation (IRE)"
4185,"Corky Lemon"
4186,"Our Legend (IRE)"
4187,"Luna's in Charge"
4188,"More Than Silver"
4189,"Sassy Little Lila"
4190,"King Zachary"
4191,"Cape Lookout"
4192,"Indigo Yankee"
4193,"Close Shave"
4194,"Blackberry Wine"
4195,"Shackleford's Joy"
4196,"Ours to Run"
4197,"Mia Mischief"
4198,"Honey Bunny"
4199,"Pastime"
4200,"Violent Times"
4201,"Victorias Fire"
4202,"Risky Mandate"
4203,"Vosne Romanee (GB)"
4204,"Gibralfaro (IRE)"
4205,"No Wunder (GB)"
4206,"Sempre Medici (FR)"
4207,"Peppay Le Pugh (IRE)"
4208,"Modem (GB)"
4209,"Show Court (IRE)"
4210,"Polished Copper"
4211,"Mrs. Awesome"
4212,"Anticipating"
4213,"Countenance"
4214,"Russian Melody"
4215,"Carotari"
4216,"Indy Union"
4217,"Weekend Mischief"
4218,"Viva Forever"
4219,"Ivy's College Fund"
4220,"Latest Version"
4221,"Sweeping In"
4222,"Olive Kat"
4223,"Righteous Ruby"
4224,"It Was Considered"
4225,"South West Bay (GB)"
4226,"I'm Looking Up"
4227,"I'd Like to Know"
4228,"Lexintonia"
4229,"Doll Collection"
4230,"Daleelaty"
4231,"Frisky Magician"
4232,"Shoplifted"
4233,"Kowalski"
4234,"Complexifier"
4235,"Soviet"
4236,"Leading West"
4237,"Acre"
4238,"No Bad Days"
4239,"Emaraaty (GB)"
4240,"Combatant"
4241,"Keep Quiet (FR)"
4242,"Are You Kitten Me"
4243,"Proven Strategies"
4244,"Crossing the Moon"
4245,"Blanket of Roses"
4246,"Bye Bye Melvin"
4247,"Frosted Grace"
4248,"Laughing Fox"
4249,"My Macho"
4250,"Brian's Last Song"
4251,"Sir Ludlow"
4252,"Fifty Cents"
4253,"Laser Loop"
4254,"Fooch"
4255,"Macca Tree"
4256,"Runningwscissors"
4257,"Proquestor"
4258,"Burn the Boats"
4259,"Cowboy Rhythm"
4260,"Pat Pat Pat"
4261,"Confessing"
4262,"Aymara"
4263,"Shurakaa"
4264,"Elle M'a Souri (FR)"
4265,"Magical Time"
4266,"Gemonteer"
4267,"Macho Blue"
4268,"So Conflated"
4269,"Night of England (GB)"
4270,"Bridaled Temper"
4271,"Shancelot"
4272,"Super Comet"
4273,"Bourbon Calling"
4274,"Lemniscate"
4275,"Garter and Tie"
4276,"Classy John"
4277,"E Z Lorelle"
4278,"Risky Mischief"
4279,"Sister Beauty"
4280,"Smokin Hot Kiss"
4281,"Girlntheyellowtaxi"
4282,"Central Capital"
4283,"Blessingsofliberty"
4284,"Astarte Gold"
4285,"Figure of Speech"
4286,"Hallajoori"
4287,"Magic Motion"
4288,"Gloriously"
4289,"Cairo Express"
4290,"Tulanian"
4291,"Mascha (FR)"
4292,"Silver Shaker"
4293,"Awestruck"
4294,"Mr. Al's Gal"
4295,"Sister Gema"
4296,"Going to Temple"
4297,"Lady Trish's Dream (GB)"
4298,"Frosted Rose"
4299,"Saint Marco"
4300,"Lady's Island"
4301,"Inside Risk"
4302,"Bahamian Prince"
4303,"Feeling It"
4304,"Gray Nile"
4305,"Blue Atlas"
4306,"Red Curls"
4307,"Patch"
4308,"Third Day"
4309,"Prince of New York"
4310,"Justice of War"
4311,"Go Get That"
4312,"Wall Eye"
4313,"Macagone"
4314,"Way Early"
4315,"Chief Know It All"
4316,"Beyond the Green"
4317,"Monkey's Medal"
4318,"Enduring Honor"
4319,"Global Access"
4320,"Award Winner"
4321,"Limonite"
4322,"Tom's d'Etat"
4323,"Happen"
4324,"Policy Option"
4325,"Shamrocket"
4326,"Eternal Summer"
4327,"Lido Legacy"
4328,"Tapit Wise"
4329,"Glory Road"
4330,"Atoka"
4331,"Height"
4332,"Wayne O"
4333,"Fishman"
4334,"Indian Cross"
4335,"Our Way"
4336,"Leinster"
4337,"Pure Sensation"
4338,"Wet Your Whistle"
4339,"Rocket Heat"
4340,"Dinar"
4341,"Picasso"
4342,"Ekati's Verve"
4343,"Westport"
4344,"Take Pride"
4345,"Sacred Life (FR)"
4346,"Covfefe"
4347,"Bellafina"
4348,"Trenchtown Cat"
4349,"Yoshida (JPN)"
4350,"Imperative"
4351,"Got Stormy"
4352,"Desert Isle"
4353,"Rock my Love (GER)"
4354,"Ziller"
4355,"Weekend Fun"
4356,"Curious Cal"
4357,"Sketches of Spain (IRE)"
4358,"Situation Room"
4359,"Swanage"
4360,"Bridal Path"
4361,"Osaka Girl"
4362,"Get Explicit"
4363,"Gentle Ruler"
4364,"Sundae On Sunday"
4365,"Stolen Pistol"
4366,"Adonis Creed"
4367,"Ghoul (BRZ)"
4368,"I'm Corfu"
4369,"Way Smart"
4370,"Mohawk (IRE)"
4371,"Flying Scotsman"
4372,"Eons"
4373,"Magic Dance"
4374,"Good Governance (GB)"
4375,"Embellisher"
4376,"Market Alley"
4377,"Down Royal"
4378,"Bullet Star"
4379,"Our Frosty"
4380,"Dawn Wall"
4381,"Wigwam Baby"
4382,"Grammi Dance"
4383,"Sooner Schooner"
4384,"A d'Oro"
4385,"Archidust"
4386,"Pyron"
4387,"The Black Album (FR)"
4388,"Dunph"
4389,"I'm Busy"
4390,"Replete"
4391,"Pryor"
4392,"Evaluator"
4393,"Sweet Gisel"
4394,"Paradise Retained"
4395,"Darling of the Spa"
4396,"Cuddle Kitten"
4397,"Colorincolonel"
4398,"Served Cold"
4399,"Royal Inheritance"
4400,"Conqueror"
4401,"Disco Deano"
4402,"Rock the Causeway"
4403,"Graze of Glory"
4404,"El Dulce"
4405,"Snap Hook"
4406,"Perfect Banker"
4407,"Cairo Cat"
4408,"Voting Agreement"
4409,"Leaveuwithasmile"
4410,"She's Into Me"
4411,"Divided Sky (IRE)"
4412,"Hollywood Critic"
4413,"Enjay's Brass"
4414,"Devious Charm"
4415,"Summer to Remember"
4416,"Yukon Eric"
4417,"Belleville Spring"
4418,"Tumbling Sky"
4419,"Irish Front"
4420,"Kittansett"
4421,"Social Afleet"
4422,"Ghost of the Mambo"
4423,"Good Scout"
4424,"Sprawl"
4425,"Option Value"
4426,"Gear Jockey"
4427,"Stick Figure"
4428,"Noose"
4429,"Peruvian Boy"
4430,"Long Weekend"
4431,"Iberico"
4432,"Ostilio (GB)"
4433,"Diamond Crazy"
4434,"Graceful Princess"
4435,"Yousaidhello"
4436,"Liberty's Pursuit"
4437,"Street Talkin Guy"
4438,"Dontblamerocket"
4439,"Dover Cliffs"
4440,"Slip Sliding Away"
4441,"Gran Chemin"
4442,"Catherineofaragon"
4443,"Mundaye Call"
4444,"Noudha"
4445,"Plea"
4446,"Nikki My Angel"
4447,"Year of the Kitten"
4448,"South of France"
4449,"Quick Quick Quick"
4450,"Sister Peacock"
4451,"O'Keeffe"
4452,"Karama"
4453,"Elsa"
4454,"Secular Stagnation"
4455,"Lisbon"
4456,"Zelenka"
4457,"Go Get the Basil"
4458,"Zanzi Win (FR)"
4459,"Tomgarrow (IRE)"
4460,"Renown (GB)"
4461,"More Thunder"
4462,"Montana Man"
4463,"Reason to Soar"
4464,"Dublin Pub"
4465,"Sainte Mere Eglise"
4466,"Kiss and Run"
4467,"Kimari"
4468,"Abscond"
4469,"Champagne Humor"
4470,"Stage Left"
4471,"Yes I See"
4472,"Amazing Audrey"
4473,"Frozen Hannah"
4474,"British Idiom"
4475,"Miraculousblessing"
4476,"Esther's Fortune"
4477,"Tetrahydro"
4478,"Uncontested"
4479,"Art Collector"
4480,"Relentless Dancer"
4481,"Majestic West"
4482,"Fireball Jon"
4483,"Borough Boy"
4484,"Mo Zone"
4485,"Days of Glory"
4486,"Beaux Arts"
4487,"Silencia"
4488,"Inside Info"
4489,"Splicethemainbrace"
4490,"Johny's Bobby"
4491,"Hellorhighwater"
4492,"Let's Maga"
4493,"Cove Blue"
4494,"Up the Ante"
4495,"Because of Susan"
4496,"Venerate"
4497,"River Hawk"
4498,"Market Impact"
4499,"Fort McHenry"
4500,"All About It"
4501,"High Rider"
4502,"Stella d'Oro"
4503,"I Can Do Anything"
4504,"High Crime"
4505,"Cohete Rojo"
4506,"Feisty Bird"
4507,"African Heritage"
4508,"Ruby Notion"
4509,"Too Much Tip"
4510,"Amandrea"
4511,"Vow to Recover"
4512,"Street Band"
4513,"Ulele"
4514,"Lady Apple"
4515,"Sugar Cube"
4516,"In Good Spirits"
4517,"Americano Girl"
4518,"Bovary"
4519,"East Moon"
4520,"Shadilee"
4521,"Wicked Spirit"
4522,"Chaysenbryn"
4523,"Blossom Bow"
4524,"A Different Style"
4525,"Blue Prize (ARG)"
4526,"Skeptic"
4527,"Tweeting"
4528,"Alex Love Candy"
4529,"Bychance"
4530,"Brady's Palace"
4531,"Barbara's Bank"
4532,"Flute Maker"
4533,"Breed's Hill"
4534,"Lovedisc"
4535,"Clearwater"
4536,"Noblame"
4537,"Samay"
4538,"My Sister's Keeper"
4539,"Grit and Glory"
4540,"Let It Slide"
4541,"Imperare"
4542,"Deep Space"
4543,"Dalika (GER)"
4544,"Hotsy Totsy (IRE)"
4545,"Deeply Analytical"
4546,"Austrian"
4547,"Solar Fire"
4548,"Wharf Cat"
4549,"Opportunist"
4550,"Tap It to Win"
4551,"O'Trouble"
4552,"Icecap"
4553,"Moonshine Now"
4554,"Dabinett"
4555,"New York Charmer"
4556,"Tight Ten"
4557,"Air Strike"
4558,"Twelfth Labour"
4559,"Indian Blessing (GB)"
4560,"Starship Jubilee"
4561,"Hogans Holiday"
4562,"Elate"
4563,"Coach Rocks"
4564,"Mucho Gusto"
4565,"Owendale"
4566,"Chess Chief"
4567,"Macabre"
4568,"Tiltingatwindmills"
4569,"Stop Shoppin Tammy"
4570,"Sea of Blue"
4571,"Tench"
4572,"Eye On Berlin"
4573,"Noneedtoflatterme"
4574,"Roman City"
4575,"More Or Less"
4576,"Yellen"
4577,"Eli Rocks"
4578,"Bulletin"
4579,"And Seek"
4580,"Secret Alchemy"
4581,"Into Glamour"
4582,"Teodoro (IRE)"
4583,"Hepcat"
4584,"Soluble (GER)"
4585,"Set to Music"
4586,"Le Weekend"
4587,"Indian Pride"
4588,"Pretty Zippy"
4589,"Acting Chipper"
4590,"Tricky Tune"
4591,"Swirling Candy"
4592,"Nic and Zoe"
4593,"Fighting Seabee"
4594,"Zip It Jess"
4595,"Bingolina"
4596,"Seven Gems"
4597,"Ginseng"
4598,"Lively Kitten"
4599,"Tiz He the One"
4600,"Classic Rock"
4601,"Cartabianca (FR)"
4602,"Tearless"
4603,"Remain Anonymous"
4604,"Sixth Street"
4605,"Snaffle"
4606,"Tropical Frosty"
4607,"Pow Wow Prince"
4608,"Smooth B"
4609,"Mustaaqeem (AUS)"
4610,"Noble Empire"
4611,"Made Sense"
4612,"Mud Pie"
4613,"Necker Island"
4614,"Get Set"
4615,"Lord Byron"
4616,"Hallawallah"
4617,"Mongolian Groom"
4618,"New Frontier"
4619,"Fantastry (BRZ)"
4620,"Tolerant"
4621,"Brickyard"
4622,"Florida Flash"
4623,"Mirabell Mei"
4624,"Andiama"
4625,"Day Dayenu"
4626,"Impeccable Style"
4627,"Cleopatra's Charm"
4628,"Untaken"
4629,"Gouverneur Morris"
4630,"Maximiliano"
4631,"Nashvegas"
4632,"Tadeo"
4633,"Clifton Park"
4634,"Hussar"
4635,"Newport Breeze"
4636,"Miss Lily B"
4637,"Centsmybabyleftme"
