"jockey_id","jockey"
1,"Abner Adorno"
2,"Adam Beschizza"
3,"Adam Bowman"
4,"Adrian Flores"
5,"Alex Cintron"
6,"Andre Shivnarine Worrie"
7,"Andrea Atzeni"
8,"Andrea C. Rodriguez"
9,"Andrew Wolfsont"
10,"Angel Castillo"
11,"Angel Cruz"
12,"Angel R. Rodriguez"
13,"Angel Suarez"
14,"Anthony Salgado"
15,"Antonio A. Gallardo"
16,"Arienne Cox"
17,"Barry Foley"
18,"Ben Curtis"
19,"Benjamin Hernandez"
20,"Bernard Dalton"
21,"Brian Joseph Hernandez Jr."
22,"Carlos J. Hernandez"
23,"Carol Cedeno"
24,"Channing Hill"
25,"Charles C. Lopez"
26,"Charlie Amaro"
27,"Chris Landeros"
28,"Christian Santiago Reyes"
29,"Christophe Soumillon"
30,"Christopher P. DeCarlo"
31,"Corey J. Lanerie"
32,"Cory Orm"
33,"Cristina Bonilla"
34,"Daisuke Fukumoto"
35,"Dalton Brown"
36,"Dana G. Whitney"
37,"Daniel Centeno"
38,"Danny Mullins"
39,"Darren Nagle"
40,"David Cohen"
41,"Declan Cannon"
42,"Declan Carroll"
43,"Dylan Davis"
44,"Dyn Panell"
45,"Edgar S. Prado"
46,"Edward Escobar"
47,"Edwin Rivera"
48,"Emanuel De Diego"
49,"Emisael Jaramillo"
50,"Emmanuel Esquivel"
51,"Eric Cancel"
52,"Erick Lopez"
53,"Feargal Lynch"
54,"Flavien Prat"
55,"Florent Geroux"
56,"Forest Boyce"
57,"Frankie Pennington"
58,"Gary Richards"
59,"Gavin Coetzee"
60,"Georgina Sergeon"
61,"Gerard Galligan"
62,"Graham Watters"
63,"Grant Whitacre"
64,"Harry Hernandez"
65,"Hector Rafael Diaz Jr."
66,"Heman K. Harkie"
67,"Irad Ortiz Jr."
68,"J. D. Acosta"
69,"Jack Doyle"
70,"Jaime Rodriguez"
71,"Jamie P. Spencer"
72,"Javier Castellano"
73,"Jeffrey Sanchez"
74,"Jeremias Flores"
75,"Jeremy Rose"
76,"Jevian Toledo"
77,"Joe Bravo"
78,"Joel Rosario"
79,"Joel Sone"
80,"Joey R. Martinez"
81,"Johan Rosado"
82,"John Bisono"
83,"John R. Velazquez"
84,"Jomar Garcia"
85,"Jomar Torres"
86,"Jorge A. Vargas Jr."
87,"Jorge L. Vargas Jr."
88,"Jorge M. Perez"
89,"Jorge Ruiz"
90,"Jose A. Bracho"
91,"Jose Angel Garcia"
92,"Jose Antonio Gallego"
93,"Jose Baez"
94,"Jose C. Ferrer"
95,"Jose F. Rojas"
96,"Jose L. Ortiz"
97,"Jose Lezcano"
98,"Jose R. Betancourt"
99,"Joseph Talamo"
100,"Jozef Bojko"
101,"Julian Pimentel"
102,"Julien R. Leparoux"
103,"Julio Correa"
104,"Junior Alvarado"
105,"Katie Davis"
106,"Keivan Serrano"
107,"Kendrick Carmouche"
108,"Kevin Carmona"
109,"Kevin Gomez"
110,"Kieran Norris"
111,"Kirk Johnson"
112,"Kody Kellenberger"
113,"Leonardo Corujo"
114,"Leonel Reyes"
115,"Luca Panici"
116,"Luis A. Rodriguez Castro"
117,"Luis Cardenas"
118,"Luis R. Reyes"
119,"Luis Saez"
120,"Manuel Franco"
121,"Mario Gutierrez"
122,"Mark Watts"
123,"Martin Chuan"
124,"Michael Hussey"
125,"Michael J. Luzzi"
126,"Michael Mitchell"
127,"Miguel A. Melendez"
128,"Mike E. Smith"
129,"Miyabi Muto"
130,"Mychel J. Sanchez"
131,"Nathan Vickers"
132,"Navin Mangalee"
133,"Nazario Alvarado"
134,"Nik Juarez"
135,"Oscar Gomez"
136,"Pablo Fragoso"
137,"Paco Lopez"
138,"Rachael Blackmore"
139,"Rafael Manuel Hernandez"
140,"Rajiv Maragh"
141,"Reylu Gutierrez"
142,"Ricardo Santana Jr."
143,"Richard A. Bracho"
144,"Robbie G. Davis"
145,"Rosario Montanez"
146,"Ross Geraghty"
147,"Ruben Silvera"
148,"Sam Twiston-Davies"
149,"Samuel Camacho Jr."
150,"Samuel Jimenez"
151,"Sean McDermott"
152,"Shannon Uske"
153,"Shaun Bridgmohan"
154,"Sheldon Russell"
155,"Silvestre Gonzalez"
156,"Sophie Doyle"
157,"Stephane Pasquier"
158,"Steven Ronald Bahen"
159,"Suguru Hamanaka"
160,"Talbert Howell"
161,"Tammi Piermarini"
162,"Thomas Garner"
163,"Tomas B. Mejia"
164,"Tony Piccone"
165,"Trevor McCarthy"
166,"Tyler Baze"
167,"Tyler Conner"
168,"Tyler Gaffalione"
169,"Tzeonn Chang"
170,"Victor Espinoza"
171,"Victor R. Carrasco"
172,"Vince Halliday"
173,"Virginia Tormey"
174,"Wayne Lordan"
175,"Weston Hamilton"
176,"William McCarthy"
177,"Wilmer A. Garcia"
178,"Winston R. Kay"
